experiment_name,status,is_complete,dataset_name,model_name,scenario_name,optimizer_name,base_optimizer,run_id,n_samples,seq_len,vocab_size,num_classes,mean_length,max_length,d_model,nhead,num_layers,dim_feedforward,dropout,pooling,mode,target,alpha,beta,mix_lambda,start_epoch,lr,weight_decay,fractional,exp_dir,history_path,log_path,initial_model_path,best_model_path,final_model_path,has_history_json,has_log_txt,has_initial_model_pt,has_best_model_pt,has_final_model_pt,n_epochs_recorded,best_epoch,best_val_macro_f1,best_val_accuracy,best_val_loss,best_val_micro_f1,best_val_weighted_f1,best_val_confidence,final_val_macro_f1,final_val_accuracy,final_val_loss,final_val_micro_f1,final_val_weighted_f1,final_val_confidence,final_train_macro_f1,final_train_accuracy,final_train_loss,mean_grad_norm,mean_fractional_applied_params,mean_epoch_time,total_epoch_time,mean_throughput,log_best_epoch,log_best_val_macro_f1,log_best_val_acc,log_best_val_loss,log_total_run_time_sec
runs_transformer_fractional,complete,True,small_D2_L64,T_wide_mean,adamw,adamw,adamw,0,5000,64,19,10,22.045799255371094,32,192,6,3,768,0.1,mean,,,,,,,0.0003,0.01,0.0,/home/tahiti/Malashin_Projects/runs_transformer_fractional/small_D2_L64/T_wide_mean/adamw/run_0,/home/tahiti/Malashin_Projects/runs_transformer_fractional/small_D2_L64/T_wide_mean/adamw/run_0/history.json,/home/tahiti/Malashin_Projects/runs_transformer_fractional/small_D2_L64/T_wide_mean/adamw/run_0/log.txt,/home/tahiti/Malashin_Projects/runs_transformer_fractional/small_D2_L64/T_wide_mean/adamw/run_0/initial_model.pt,/home/tahiti/Malashin_Projects/runs_transformer_fractional/small_D2_L64/T_wide_mean/adamw/run_0/best_model.pt,/home/tahiti/Malashin_Projects/runs_transformer_fractional/small_D2_L64/T_wide_mean/adamw/run_0/final_model.pt,True,True,True,True,True,10,10,0.3222256493902294,0.3650000095367431,1.769599500656128,0.3649999999994996,0.3622175463007872,0.4383516941070556,0.3222256493902294,0.3650000095367431,1.769599500656128,0.3649999999994996,0.3622175463007872,0.4383516941070556,0.3876806069916868,0.4440000057220459,1.521636583328247,2.12252378310027,,49.69951455593109,496.9951455593109,80.49211836171246,10,0.322226,0.365,1.7696,497.05
runs_fractional_hypothesis_v2,complete,True,small_D2_L64,T_wide_mean,baseline_adamw,baseline_adamw,adamw,1,5000,64,19,10,22.045799255371094,32,192,6,3,768,0.1,mean,none,none,,,0.0,,0.0003,0.01,,/home/tahiti/Malashin_Projects/runs_fractional_hypothesis_v2/small_D2_L64/T_wide_mean/baseline_adamw/run_1,/home/tahiti/Malashin_Projects/runs_fractional_hypothesis_v2/small_D2_L64/T_wide_mean/baseline_adamw/run_1/history.json,/home/tahiti/Malashin_Projects/runs_fractional_hypothesis_v2/small_D2_L64/T_wide_mean/baseline_adamw/run_1/log.txt,/home/tahiti/Malashin_Projects/runs_fractional_hypothesis_v2/small_D2_L64/T_wide_mean/baseline_adamw/run_1/initial_model.pt,/home/tahiti/Malashin_Projects/runs_fractional_hypothesis_v2/small_D2_L64/T_wide_mean/baseline_adamw/run_1/best_model.pt,/home/tahiti/Malashin_Projects/runs_fractional_hypothesis_v2/small_D2_L64/T_wide_mean/baseline_adamw/run_1/final_model.pt,True,True,True,True,True,10,10,0.3019691190225733,0.3569999933242798,1.8161285400390623,0.3569999999994996,0.3490993428756497,0.3490560159683227,0.3019691190225733,0.3569999933242798,1.8161285400390623,0.3569999999994996,0.3490993428756497,0.3490560159683227,0.3039362079998476,0.3700000047683716,1.737883927345276,1.473949433171565,0.0,0.9905595302581788,9.905595302581789,7256.686630783069,10,0.301969,0.357,1.816129,9.97
runs_fractional_focused_final,complete,True,small_D2_L64,T_base_mean,all_mix_a08_lam020,all_mix_a08_lam020,adamw,1,5000,64,19,10,22.045799255371094,32,128,4,3,512,0.1,mean,mix,all,0.8,0.9,0.02,1.0,0.0003,0.01,,/home/tahiti/Malashin_Projects/runs_fractional_focused_final/small_D2_L64/T_base_mean/all_mix_a08_lam020/run_1,/home/tahiti/Malashin_Projects/runs_fractional_focused_final/small_D2_L64/T_base_mean/all_mix_a08_lam020/run_1/history.json,/home/tahiti/Malashin_Projects/runs_fractional_focused_final/small_D2_L64/T_base_mean/all_mix_a08_lam020/run_1/log.txt,/home/tahiti/Malashin_Projects/runs_fractional_focused_final/small_D2_L64/T_base_mean/all_mix_a08_lam020/run_1/initial_model.pt,/home/tahiti/Malashin_Projects/runs_fractional_focused_final/small_D2_L64/T_base_mean/all_mix_a08_lam020/run_1/best_model.pt,/home/tahiti/Malashin_Projects/runs_fractional_focused_final/small_D2_L64/T_base_mean/all_mix_a08_lam020/run_1/final_model.pt,True,True,True,True,True,10,10,0.3005282679904493,0.3659999966621399,1.816926248550415,0.3659999999994996,0.3480866695557122,0.3461364784240722,0.3005282679904493,0.3659999966621399,1.816926248550415,0.3659999999994996,0.3480866695557122,0.3461364784240722,0.2703827071657235,0.3415000140666961,1.82760999584198,1.2377756309178758,42.0,1.275073504447937,12.75073504447937,3985.345041603371,10,0.300528,0.366,1.816926,12.82
runs_transformer_fractional,complete,True,small_D2_L64,T_base_mean,adamw,adamw,adamw,0,5000,64,19,10,22.045799255371094,32,128,4,3,512,0.1,mean,,,,,,,0.0003,0.01,0.0,/home/tahiti/Malashin_Projects/runs_transformer_fractional/small_D2_L64/T_base_mean/adamw/run_0,/home/tahiti/Malashin_Projects/runs_transformer_fractional/small_D2_L64/T_base_mean/adamw/run_0/history.json,/home/tahiti/Malashin_Projects/runs_transformer_fractional/small_D2_L64/T_base_mean/adamw/run_0/log.txt,/home/tahiti/Malashin_Projects/runs_transformer_fractional/small_D2_L64/T_base_mean/adamw/run_0/initial_model.pt,/home/tahiti/Malashin_Projects/runs_transformer_fractional/small_D2_L64/T_base_mean/adamw/run_0/best_model.pt,/home/tahiti/Malashin_Projects/runs_transformer_fractional/small_D2_L64/T_base_mean/adamw/run_0/final_model.pt,True,True,True,True,True,10,10,0.2977539374240688,0.3650000095367431,1.7930643844604492,0.3649999999994996,0.3384001077052967,0.4080451946258545,0.2977539374240688,0.3650000095367431,1.7930643844604492,0.3649999999994996,0.3384001077052967,0.4080451946258545,0.3306369111684605,0.3930000066757202,1.6881742544174194,1.8342656322863344,,31.47255384922028,314.7255384922028,127.88928779734948,10,0.297754,0.365,1.793064,314.78
runs_fractional_focused_final,complete,True,small_D2_L64,T_wide_mean,delayed_head_mix_a08_lam015_warm3,delayed_head_mix_a08_lam015_warm3,adamw,0,5000,64,19,10,22.045799255371094,32,192,6,3,768,0.1,mean,mix,head,0.8,0.9,0.015,4.0,0.0003,0.01,,/home/tahiti/Malashin_Projects/runs_fractional_focused_final/small_D2_L64/T_wide_mean/delayed_head_mix_a08_lam015_warm3/run_0,/home/tahiti/Malashin_Projects/runs_fractional_focused_final/small_D2_L64/T_wide_mean/delayed_head_mix_a08_lam015_warm3/run_0/history.json,/home/tahiti/Malashin_Projects/runs_fractional_focused_final/small_D2_L64/T_wide_mean/delayed_head_mix_a08_lam015_warm3/run_0/log.txt,/home/tahiti/Malashin_Projects/runs_fractional_focused_final/small_D2_L64/T_wide_mean/delayed_head_mix_a08_lam015_warm3/run_0/initial_model.pt,/home/tahiti/Malashin_Projects/runs_fractional_focused_final/small_D2_L64/T_wide_mean/delayed_head_mix_a08_lam015_warm3/run_0/best_model.pt,/home/tahiti/Malashin_Projects/runs_fractional_focused_final/small_D2_L64/T_wide_mean/delayed_head_mix_a08_lam015_warm3/run_0/final_model.pt,True,True,True,True,True,10,10,0.2976974701540236,0.3709999918937683,1.8287843704223632,0.3709999999994996,0.344231951980931,0.4031621913909912,0.2976974701540236,0.3709999918937683,1.8287843704223632,0.3709999999994996,0.344231951980931,0.4031621913909912,0.3081614493982597,0.3737500011920929,1.7130755882263184,1.461998822625847,1.4,1.2835196018218995,12.835196018218994,4361.25583154148,10,0.297697,0.371,1.828784,12.92
runs_fractional_scenarios,complete,True,small_D2_L64,T_deep_mean,baseline_adamw,baseline_adamw,adamw,1,5000,64,19,10,22.045799255371094,32,128,4,5,512,0.15,mean,none,none,,,0.0,,0.0003,0.01,,/home/tahiti/Malashin_Projects/runs_fractional_scenarios/small_D2_L64/T_deep_mean/baseline_adamw/run_1,/home/tahiti/Malashin_Projects/runs_fractional_scenarios/small_D2_L64/T_deep_mean/baseline_adamw/run_1/history.json,/home/tahiti/Malashin_Projects/runs_fractional_scenarios/small_D2_L64/T_deep_mean/baseline_adamw/run_1/log.txt,/home/tahiti/Malashin_Projects/runs_fractional_scenarios/small_D2_L64/T_deep_mean/baseline_adamw/run_1/initial_model.pt,/home/tahiti/Malashin_Projects/runs_fractional_scenarios/small_D2_L64/T_deep_mean/baseline_adamw/run_1/best_model.pt,/home/tahiti/Malashin_Projects/runs_fractional_scenarios/small_D2_L64/T_deep_mean/baseline_adamw/run_1/final_model.pt,True,True,True,True,True,10,6,0.2958246094321054,0.3630000054836273,1.8831316776275635,0.3629999999994996,0.3358200513587713,0.3471190814971924,0.275702851487176,0.3549999892711639,1.8609768228530883,0.3549999999994996,0.3140203411174082,0.4056957683563232,0.280557832257337,0.3527500033378601,1.7971952257156372,1.3004408546935666,0.0,1.6920974016189576,16.920974016189575,2701.43848372557,6,0.295825,0.363,1.883132,16.97
runs_fractional_hypothesis_v2,complete,True,small_D2_L64,T_deep_mean,emb_mix_a08_lam015,emb_mix_a08_lam015,adamw,2,5000,64,19,10,22.045799255371094,32,128,4,5,512,0.15,mean,mix,embeddings,0.8,0.9,0.15,1.0,0.0003,0.01,,/home/tahiti/Malashin_Projects/runs_fractional_hypothesis_v2/small_D2_L64/T_deep_mean/emb_mix_a08_lam015/run_2,/home/tahiti/Malashin_Projects/runs_fractional_hypothesis_v2/small_D2_L64/T_deep_mean/emb_mix_a08_lam015/run_2/history.json,/home/tahiti/Malashin_Projects/runs_fractional_hypothesis_v2/small_D2_L64/T_deep_mean/emb_mix_a08_lam015/run_2/log.txt,/home/tahiti/Malashin_Projects/runs_fractional_hypothesis_v2/small_D2_L64/T_deep_mean/emb_mix_a08_lam015/run_2/initial_model.pt,/home/tahiti/Malashin_Projects/runs_fractional_hypothesis_v2/small_D2_L64/T_deep_mean/emb_mix_a08_lam015/run_2/best_model.pt,/home/tahiti/Malashin_Projects/runs_fractional_hypothesis_v2/small_D2_L64/T_deep_mean/emb_mix_a08_lam015/run_2/final_model.pt,True,True,True,True,True,10,6,0.295645600346732,0.3729999959468841,1.8308854990005492,0.3729999999994995,0.3537939568055464,0.3608296699523926,0.2937675325892694,0.3799999952316284,1.7831986331939698,0.3799999999994995,0.3456381512666854,0.3917254219055175,0.2992868514374107,0.3619999885559082,1.792382921218872,1.332314257172495,2.0,1.7563390731811523,17.563390731811523,2647.5632103993453,6,0.295646,0.373,1.830885,17.63
runs_fractional_focused_final,complete,True,small_D2_L64,T_small_mean,delayed_head_mix_a08_lam015_warm3,delayed_head_mix_a08_lam015_warm3,adamw,4,5000,64,19,10,22.045799255371094,32,96,4,2,256,0.1,mean,mix,head,0.8,0.9,0.015,4.0,0.0003,0.01,,/home/tahiti/Malashin_Projects/runs_fractional_focused_final/small_D2_L64/T_small_mean/delayed_head_mix_a08_lam015_warm3/run_4,/home/tahiti/Malashin_Projects/runs_fractional_focused_final/small_D2_L64/T_small_mean/delayed_head_mix_a08_lam015_warm3/run_4/history.json,/home/tahiti/Malashin_Projects/runs_fractional_focused_final/small_D2_L64/T_small_mean/delayed_head_mix_a08_lam015_warm3/run_4/log.txt,/home/tahiti/Malashin_Projects/runs_fractional_focused_final/small_D2_L64/T_small_mean/delayed_head_mix_a08_lam015_warm3/run_4/initial_model.pt,/home/tahiti/Malashin_Projects/runs_fractional_focused_final/small_D2_L64/T_small_mean/delayed_head_mix_a08_lam015_warm3/run_4/best_model.pt,/home/tahiti/Malashin_Projects/runs_fractional_focused_final/small_D2_L64/T_small_mean/delayed_head_mix_a08_lam015_warm3/run_4/final_model.pt,True,True,True,True,True,10,7,0.2946631691392392,0.3589999973773956,1.9053907508850096,0.3589999999994996,0.3371605838491771,0.2993655805587769,0.2683663171286566,0.3440000116825104,1.8688830757141115,0.3439999999994996,0.3145859272240124,0.3261513786315917,0.2651573215576604,0.3387500047683716,1.8814574127197263,1.0283416694713938,1.4,1.0048978805541993,10.048978805541992,5686.1296317256665,7,0.294663,0.359,1.905391,10.08
runs_fractional_hypothesis_v2,complete,True,small_D2_L64,T_small_mean,emb_mix_a08_lam010,emb_mix_a08_lam010,adamw,1,5000,64,19,10,22.045799255371094,32,96,4,2,256,0.1,mean,mix,embeddings,0.8,0.9,0.1,1.0,0.0003,0.01,,/home/tahiti/Malashin_Projects/runs_fractional_hypothesis_v2/small_D2_L64/T_small_mean/emb_mix_a08_lam010/run_1,/home/tahiti/Malashin_Projects/runs_fractional_hypothesis_v2/small_D2_L64/T_small_mean/emb_mix_a08_lam010/run_1/history.json,/home/tahiti/Malashin_Projects/runs_fractional_hypothesis_v2/small_D2_L64/T_small_mean/emb_mix_a08_lam010/run_1/log.txt,/home/tahiti/Malashin_Projects/runs_fractional_hypothesis_v2/small_D2_L64/T_small_mean/emb_mix_a08_lam010/run_1/initial_model.pt,/home/tahiti/Malashin_Projects/runs_fractional_hypothesis_v2/small_D2_L64/T_small_mean/emb_mix_a08_lam010/run_1/best_model.pt,/home/tahiti/Malashin_Projects/runs_fractional_hypothesis_v2/small_D2_L64/T_small_mean/emb_mix_a08_lam010/run_1/final_model.pt,True,True,True,True,True,10,7,0.2946631691392392,0.3589999973773956,1.9053607215881347,0.3589999999994996,0.3371605838491771,0.2993376760482788,0.2683502081124236,0.3440000116825104,1.8689046974182129,0.3439999999994996,0.3147364703136145,0.3260725898742675,0.2651505873720554,0.3387500047683716,1.881381244659424,1.0325442965860143,2.0,1.013875961303711,10.13875961303711,5864.221649575654,7,0.294663,0.359,1.905361,10.17
runs_fractional_hypothesis_v2,complete,True,small_D2_L64,T_base_mean,delayed_emb_mix_a08_lam010_warm3,delayed_emb_mix_a08_lam010_warm3,adamw,0,5000,64,19,10,22.045799255371094,32,128,4,3,512,0.1,mean,mix,embeddings,0.8,0.9,0.1,4.0,0.0003,0.01,,/home/tahiti/Malashin_Projects/runs_fractional_hypothesis_v2/small_D2_L64/T_base_mean/delayed_emb_mix_a08_lam010_warm3/run_0,/home/tahiti/Malashin_Projects/runs_fractional_hypothesis_v2/small_D2_L64/T_base_mean/delayed_emb_mix_a08_lam010_warm3/run_0/history.json,/home/tahiti/Malashin_Projects/runs_fractional_hypothesis_v2/small_D2_L64/T_base_mean/delayed_emb_mix_a08_lam010_warm3/run_0/log.txt,/home/tahiti/Malashin_Projects/runs_fractional_hypothesis_v2/small_D2_L64/T_base_mean/delayed_emb_mix_a08_lam010_warm3/run_0/initial_model.pt,/home/tahiti/Malashin_Projects/runs_fractional_hypothesis_v2/small_D2_L64/T_base_mean/delayed_emb_mix_a08_lam010_warm3/run_0/best_model.pt,/home/tahiti/Malashin_Projects/runs_fractional_hypothesis_v2/small_D2_L64/T_base_mean/delayed_emb_mix_a08_lam010_warm3/run_0/final_model.pt,True,True,True,True,True,10,7,0.2942273801924508,0.3540000021457672,1.8679957981109616,0.3539999999994997,0.3416664052701157,0.3224636821746826,0.2787682556931984,0.3569999933242798,1.8246145715713504,0.3569999999994996,0.3255616675788895,0.3690197286605835,0.2796097780883569,0.34825000166893,1.8153670530319213,1.259877435885107,1.4,1.2334978342056275,12.334978342056274,4197.01156962077,7,0.294227,0.354,1.867996,12.39
runs_fractional_focused_final,complete,True,small_D2_L64,T_deep_mean,delayed_head_mix_a08_lam010_warm3,delayed_head_mix_a08_lam010_warm3,adamw,1,5000,64,19,10,22.045799255371094,32,128,4,5,512,0.15,mean,mix,head,0.8,0.9,0.01,4.0,0.0003,0.01,,/home/tahiti/Malashin_Projects/runs_fractional_focused_final/small_D2_L64/T_deep_mean/delayed_head_mix_a08_lam010_warm3/run_1,/home/tahiti/Malashin_Projects/runs_fractional_focused_final/small_D2_L64/T_deep_mean/delayed_head_mix_a08_lam010_warm3/run_1/history.json,/home/tahiti/Malashin_Projects/runs_fractional_focused_final/small_D2_L64/T_deep_mean/delayed_head_mix_a08_lam010_warm3/run_1/log.txt,/home/tahiti/Malashin_Projects/runs_fractional_focused_final/small_D2_L64/T_deep_mean/delayed_head_mix_a08_lam010_warm3/run_1/initial_model.pt,/home/tahiti/Malashin_Projects/runs_fractional_focused_final/small_D2_L64/T_deep_mean/delayed_head_mix_a08_lam010_warm3/run_1/best_model.pt,/home/tahiti/Malashin_Projects/runs_fractional_focused_final/small_D2_L64/T_deep_mean/delayed_head_mix_a08_lam010_warm3/run_1/final_model.pt,True,True,True,True,True,10,9,0.2933855090610616,0.3490000069141388,1.830828073501587,0.3489999999994996,0.3287654567430984,0.3220812063217163,0.2865617814119089,0.3470000028610229,1.807530996322632,0.3469999999994996,0.3258364733340567,0.3480749893188476,0.2964847629594135,0.3644999861717224,1.7798839693069457,1.2905923780448276,1.4,1.7395747900009155,17.395747900009155,2719.5177079041337,9,0.293386,0.349,1.830828,17.47
runs_fractional_scenarios,complete,True,small_D2_L64,T_base_mean,embeddings_only_replace_a08,embeddings_only_replace_a08,adamw,0,5000,64,19,10,22.045799255371094,32,128,4,3,512,0.1,mean,replace,embeddings,0.8,0.9,1.0,1.0,0.0003,0.01,,/home/tahiti/Malashin_Projects/runs_fractional_scenarios/small_D2_L64/T_base_mean/embeddings_only_replace_a08/run_0,/home/tahiti/Malashin_Projects/runs_fractional_scenarios/small_D2_L64/T_base_mean/embeddings_only_replace_a08/run_0/history.json,/home/tahiti/Malashin_Projects/runs_fractional_scenarios/small_D2_L64/T_base_mean/embeddings_only_replace_a08/run_0/log.txt,/home/tahiti/Malashin_Projects/runs_fractional_scenarios/small_D2_L64/T_base_mean/embeddings_only_replace_a08/run_0/initial_model.pt,/home/tahiti/Malashin_Projects/runs_fractional_scenarios/small_D2_L64/T_base_mean/embeddings_only_replace_a08/run_0/best_model.pt,/home/tahiti/Malashin_Projects/runs_fractional_scenarios/small_D2_L64/T_base_mean/embeddings_only_replace_a08/run_0/final_model.pt,True,True,True,True,True,10,9,0.2927786429199635,0.3610000014305115,1.7737584342956545,0.3609999999994996,0.343825168116896,0.3936059951782226,0.274098949256942,0.3569999933242798,1.8097211380004885,0.3569999999994996,0.3278097310792112,0.4322022666931152,0.3196891067118415,0.3857499957084656,1.709377986907959,1.8450662239263709,2.0,15.350623440742492,153.50623440742493,261.16432956561835,9,0.292779,0.361,1.773758,153.55
runs_transformer_fractional,complete,True,small_D2_L64,T_deep_mean,adamw,adamw,adamw,2,5000,64,19,10,22.045799255371094,32,128,4,5,512,0.15,mean,,,,,,,0.0003,0.01,0.0,/home/tahiti/Malashin_Projects/runs_transformer_fractional/small_D2_L64/T_deep_mean/adamw/run_2,/home/tahiti/Malashin_Projects/runs_transformer_fractional/small_D2_L64/T_deep_mean/adamw/run_2/history.json,/home/tahiti/Malashin_Projects/runs_transformer_fractional/small_D2_L64/T_deep_mean/adamw/run_2/log.txt,/home/tahiti/Malashin_Projects/runs_transformer_fractional/small_D2_L64/T_deep_mean/adamw/run_2/initial_model.pt,/home/tahiti/Malashin_Projects/runs_transformer_fractional/small_D2_L64/T_deep_mean/adamw/run_2/best_model.pt,/home/tahiti/Malashin_Projects/runs_transformer_fractional/small_D2_L64/T_deep_mean/adamw/run_2/final_model.pt,True,True,True,True,True,10,5,0.290847645432307,0.367000013589859,1.8212749719619752,0.3669999999994995,0.3455937776203899,0.3457737989425659,0.2771723672453529,0.3549999892711639,1.7822672100067138,0.3549999999994996,0.3322898222998118,0.3769614524841309,0.3209901520049791,0.382750004529953,1.6906077632904053,1.8832947539897755,,48.54808497428894,485.4808497428894,82.51001760628661,5,0.290848,0.367,1.821275,485.53
runs_fractional_scenarios,complete,True,small_D2_L64,T_wide_mean,ffn_only_replace_a08,ffn_only_replace_a08,adamw,2,5000,64,19,10,22.045799255371094,32,192,6,3,768,0.1,mean,replace,ffn,0.8,0.9,1.0,1.0,0.0003,0.01,,/home/tahiti/Malashin_Projects/runs_fractional_scenarios/small_D2_L64/T_wide_mean/ffn_only_replace_a08/run_2,/home/tahiti/Malashin_Projects/runs_fractional_scenarios/small_D2_L64/T_wide_mean/ffn_only_replace_a08/run_2/history.json,/home/tahiti/Malashin_Projects/runs_fractional_scenarios/small_D2_L64/T_wide_mean/ffn_only_replace_a08/run_2/log.txt,/home/tahiti/Malashin_Projects/runs_fractional_scenarios/small_D2_L64/T_wide_mean/ffn_only_replace_a08/run_2/initial_model.pt,/home/tahiti/Malashin_Projects/runs_fractional_scenarios/small_D2_L64/T_wide_mean/ffn_only_replace_a08/run_2/best_model.pt,/home/tahiti/Malashin_Projects/runs_fractional_scenarios/small_D2_L64/T_wide_mean/ffn_only_replace_a08/run_2/final_model.pt,True,True,True,True,True,10,10,0.2895815902151809,0.3409999907016754,1.9065144157409668,0.3409999999994996,0.3388387757890659,0.3795797462463379,0.2895815902151809,0.3409999907016754,1.9065144157409668,0.3409999999994996,0.3388387757890659,0.3795797462463379,0.281057653084302,0.3497500121593475,1.8259883785247804,1.704015789399604,12.0,1.3043555736541748,13.043555736541748,4117.884193738915,10,0.289582,0.341,1.906514,13.13
runs_fractional_scenarios,complete,True,small_D2_L64,T_small_mean,head_only_replace_a08,head_only_replace_a08,adamw,0,5000,64,19,10,22.045799255371094,32,96,4,2,256,0.1,mean,replace,head,0.8,0.9,1.0,1.0,0.0003,0.01,,/home/tahiti/Malashin_Projects/runs_fractional_scenarios/small_D2_L64/T_small_mean/head_only_replace_a08/run_0,/home/tahiti/Malashin_Projects/runs_fractional_scenarios/small_D2_L64/T_small_mean/head_only_replace_a08/run_0/history.json,/home/tahiti/Malashin_Projects/runs_fractional_scenarios/small_D2_L64/T_small_mean/head_only_replace_a08/run_0/log.txt,/home/tahiti/Malashin_Projects/runs_fractional_scenarios/small_D2_L64/T_small_mean/head_only_replace_a08/run_0/initial_model.pt,/home/tahiti/Malashin_Projects/runs_fractional_scenarios/small_D2_L64/T_small_mean/head_only_replace_a08/run_0/best_model.pt,/home/tahiti/Malashin_Projects/runs_fractional_scenarios/small_D2_L64/T_small_mean/head_only_replace_a08/run_0/final_model.pt,True,True,True,True,True,10,10,0.2868460848641381,0.3580000102519989,1.820851432800293,0.3579999999994996,0.3330460200523368,0.3576180534362793,0.2868460848641381,0.3580000102519989,1.820851432800293,0.3579999999994996,0.3330460200523368,0.3576180534362793,0.2806493613217523,0.3510000109672546,1.803268686294556,1.1788226822178838,2.0,6.754310894012451,67.54310894012451,592.3413919048863,10,0.286846,0.358,1.820851,67.57
runs_fractional_scenarios,complete,True,small_D2_L64,T_base_cls,mixed_all_a08_lam050,mixed_all_a08_lam050,adamw,0,5000,64,19,10,22.045799255371094,32,128,4,3,512,0.1,cls,mix,all,0.8,0.9,0.5,1.0,0.0003,0.01,,/home/tahiti/Malashin_Projects/runs_fractional_scenarios/small_D2_L64/T_base_cls/mixed_all_a08_lam050/run_0,/home/tahiti/Malashin_Projects/runs_fractional_scenarios/small_D2_L64/T_base_cls/mixed_all_a08_lam050/run_0/history.json,/home/tahiti/Malashin_Projects/runs_fractional_scenarios/small_D2_L64/T_base_cls/mixed_all_a08_lam050/run_0/log.txt,/home/tahiti/Malashin_Projects/runs_fractional_scenarios/small_D2_L64/T_base_cls/mixed_all_a08_lam050/run_0/initial_model.pt,/home/tahiti/Malashin_Projects/runs_fractional_scenarios/small_D2_L64/T_base_cls/mixed_all_a08_lam050/run_0/best_model.pt,/home/tahiti/Malashin_Projects/runs_fractional_scenarios/small_D2_L64/T_base_cls/mixed_all_a08_lam050/run_0/final_model.pt,True,True,True,True,True,10,10,0.2853639499415616,0.3540000021457672,1.8324816837310791,0.3539999999994997,0.3338043843379396,0.4206276168823242,0.2853639499415616,0.3540000021457672,1.8324816837310791,0.3539999999994997,0.3338043843379396,0.4206276168823242,0.3686811295168375,0.421999990940094,1.6054006910324097,1.029621999009842,42.0,16.24271674156189,162.4271674156189,248.3977499096099,10,0.285364,0.354,1.832482,162.48
runs_transformer_fractional,complete,True,small_D2_L64,T_base_cls,adam,adam,adam,0,5000,64,19,10,22.045799255371094,32,128,4,3,512,0.1,cls,,,,,,,0.0003,0.0,0.0,/home/tahiti/Malashin_Projects/runs_transformer_fractional/small_D2_L64/T_base_cls/adam/run_0,/home/tahiti/Malashin_Projects/runs_transformer_fractional/small_D2_L64/T_base_cls/adam/run_0/history.json,/home/tahiti/Malashin_Projects/runs_transformer_fractional/small_D2_L64/T_base_cls/adam/run_0/log.txt,/home/tahiti/Malashin_Projects/runs_transformer_fractional/small_D2_L64/T_base_cls/adam/run_0/initial_model.pt,/home/tahiti/Malashin_Projects/runs_transformer_fractional/small_D2_L64/T_base_cls/adam/run_0/best_model.pt,/home/tahiti/Malashin_Projects/runs_transformer_fractional/small_D2_L64/T_base_cls/adam/run_0/final_model.pt,True,True,True,True,True,10,10,0.2836655919147126,0.3400000035762787,1.8340427112579345,0.3399999999994996,0.3274786699910239,0.4204938106536865,0.2836655919147126,0.3400000035762787,1.8340427112579345,0.3399999999994996,0.3274786699910239,0.4204938106536865,0.3385779769244627,0.4017499983310699,1.6737362489700318,1.939730904745784,,30.22991418838501,302.2991418838501,132.75212188540382,10,0.283666,0.34,1.834043,302.35
runs_fractional_focused_final,complete,True,small_D2_L64,T_base_cls,all_mix_a08_lam030,all_mix_a08_lam030,adamw,0,5000,64,19,10,22.045799255371094,32,128,4,3,512,0.1,cls,mix,all,0.8,0.9,0.03,1.0,0.0003,0.01,,/home/tahiti/Malashin_Projects/runs_fractional_focused_final/small_D2_L64/T_base_cls/all_mix_a08_lam030/run_0,/home/tahiti/Malashin_Projects/runs_fractional_focused_final/small_D2_L64/T_base_cls/all_mix_a08_lam030/run_0/history.json,/home/tahiti/Malashin_Projects/runs_fractional_focused_final/small_D2_L64/T_base_cls/all_mix_a08_lam030/run_0/log.txt,/home/tahiti/Malashin_Projects/runs_fractional_focused_final/small_D2_L64/T_base_cls/all_mix_a08_lam030/run_0/initial_model.pt,/home/tahiti/Malashin_Projects/runs_fractional_focused_final/small_D2_L64/T_base_cls/all_mix_a08_lam030/run_0/best_model.pt,/home/tahiti/Malashin_Projects/runs_fractional_focused_final/small_D2_L64/T_base_cls/all_mix_a08_lam030/run_0/final_model.pt,True,True,True,True,True,10,10,0.2828967934633316,0.3549999892711639,1.8243898601531985,0.3549999999994996,0.3300316257181368,0.3838448095321655,0.2828967934633316,0.3549999892711639,1.8243898601531985,0.3549999999994996,0.3300316257181368,0.3838448095321655,0.2822619972025738,0.3487499952316284,1.8006633739471436,1.239546095101928,42.0,1.2111773490905762,12.111773490905762,4966.53388186963,10,0.282897,0.355,1.82439,12.18
runs_transformer_fractional,complete,True,small_D2_L64,T_small_mean,rmsprop,rmsprop,rmsprop,0,5000,64,19,10,22.045799255371094,32,96,4,2,256,0.1,mean,,,,,,,0.001,0.0,0.0,/home/tahiti/Malashin_Projects/runs_transformer_fractional/small_D2_L64/T_small_mean/rmsprop/run_0,/home/tahiti/Malashin_Projects/runs_transformer_fractional/small_D2_L64/T_small_mean/rmsprop/run_0/history.json,/home/tahiti/Malashin_Projects/runs_transformer_fractional/small_D2_L64/T_small_mean/rmsprop/run_0/log.txt,/home/tahiti/Malashin_Projects/runs_transformer_fractional/small_D2_L64/T_small_mean/rmsprop/run_0/initial_model.pt,/home/tahiti/Malashin_Projects/runs_transformer_fractional/small_D2_L64/T_small_mean/rmsprop/run_0/best_model.pt,/home/tahiti/Malashin_Projects/runs_transformer_fractional/small_D2_L64/T_small_mean/rmsprop/run_0/final_model.pt,True,True,True,True,True,10,7,0.279229126924262,0.3300000131130218,1.9542904825210567,0.3299999999994997,0.3209046826159333,0.4378842830657959,0.2206955454202494,0.3089999854564667,1.9825203771591189,0.3089999999994997,0.2621633891285888,0.4482822589874267,0.3978778775118419,0.4535000026226043,1.5118570041656494,1.5133623087115378,,11.99134602546692,119.9134602546692,334.66679916377115,7,0.279229,0.33,1.95429,119.94
runs_fractional_hypothesis_v2,complete,True,small_D2_L64,T_base_cls,head_replace_a08,head_replace_a08,adamw,2,5000,64,19,10,22.045799255371094,32,128,4,3,512,0.1,cls,replace,head,0.8,0.9,1.0,1.0,0.0003,0.01,,/home/tahiti/Malashin_Projects/runs_fractional_hypothesis_v2/small_D2_L64/T_base_cls/head_replace_a08/run_2,/home/tahiti/Malashin_Projects/runs_fractional_hypothesis_v2/small_D2_L64/T_base_cls/head_replace_a08/run_2/history.json,/home/tahiti/Malashin_Projects/runs_fractional_hypothesis_v2/small_D2_L64/T_base_cls/head_replace_a08/run_2/log.txt,/home/tahiti/Malashin_Projects/runs_fractional_hypothesis_v2/small_D2_L64/T_base_cls/head_replace_a08/run_2/initial_model.pt,/home/tahiti/Malashin_Projects/runs_fractional_hypothesis_v2/small_D2_L64/T_base_cls/head_replace_a08/run_2/best_model.pt,/home/tahiti/Malashin_Projects/runs_fractional_hypothesis_v2/small_D2_L64/T_base_cls/head_replace_a08/run_2/final_model.pt,True,True,True,True,True,10,8,0.2767430410836246,0.3540000021457672,1.8661823348999025,0.3539999999994997,0.3407423875027815,0.3347473030090332,0.2680818646623903,0.3630000054836273,1.8451640758514405,0.3629999999994996,0.3318522519465454,0.3797740440368652,0.2810995478573168,0.3445000052452087,1.831431879043579,0.7737278153036145,2.0,1.2658691167831422,12.65869116783142,4148.476928079673,8,0.276743,0.354,1.866182,12.72
runs_fractional_hypothesis_v2,complete,True,base_D3_L128,T_deep_mean,all_mix_a08_lam015,all_mix_a08_lam015,adamw,1,10000,128,19,10,67.18820190429688,119,128,4,5,512,0.15,mean,mix,all,0.8,0.9,0.15,1.0,0.0003,0.01,,/home/tahiti/Malashin_Projects/runs_fractional_hypothesis_v2/base_D3_L128/T_deep_mean/all_mix_a08_lam015/run_1,/home/tahiti/Malashin_Projects/runs_fractional_hypothesis_v2/base_D3_L128/T_deep_mean/all_mix_a08_lam015/run_1/history.json,/home/tahiti/Malashin_Projects/runs_fractional_hypothesis_v2/base_D3_L128/T_deep_mean/all_mix_a08_lam015/run_1/log.txt,/home/tahiti/Malashin_Projects/runs_fractional_hypothesis_v2/base_D3_L128/T_deep_mean/all_mix_a08_lam015/run_1/initial_model.pt,/home/tahiti/Malashin_Projects/runs_fractional_hypothesis_v2/base_D3_L128/T_deep_mean/all_mix_a08_lam015/run_1/best_model.pt,/home/tahiti/Malashin_Projects/runs_fractional_hypothesis_v2/base_D3_L128/T_deep_mean/all_mix_a08_lam015/run_1/final_model.pt,True,True,True,True,True,10,9,0.1712624475792873,0.3019999861717224,1.9897540187835692,0.3019999999994999,0.2517369021564607,0.2663661870956421,0.0959214570663365,0.2955000102519989,2.0114898586273195,0.2954999999994999,0.182452984521246,0.3801128988265991,0.1486292553630605,0.301499992609024,1.96399191570282,0.9600438653085946,66.0,4.4272602796554565,44.272602796554565,1883.389014353692,9,0.171262,0.302,1.989754,44.37
runs_fractional_focused_final,complete,True,base_D3_L128,T_deep_mean,emb_replace_a060,emb_replace_a060,adamw,4,10000,128,19,10,67.18820190429688,119,128,4,5,512,0.15,mean,replace,embeddings,0.6,0.9,1.0,1.0,0.0003,0.01,,/home/tahiti/Malashin_Projects/runs_fractional_focused_final/base_D3_L128/T_deep_mean/emb_replace_a060/run_4,/home/tahiti/Malashin_Projects/runs_fractional_focused_final/base_D3_L128/T_deep_mean/emb_replace_a060/run_4/history.json,/home/tahiti/Malashin_Projects/runs_fractional_focused_final/base_D3_L128/T_deep_mean/emb_replace_a060/run_4/log.txt,/home/tahiti/Malashin_Projects/runs_fractional_focused_final/base_D3_L128/T_deep_mean/emb_replace_a060/run_4/initial_model.pt,/home/tahiti/Malashin_Projects/runs_fractional_focused_final/base_D3_L128/T_deep_mean/emb_replace_a060/run_4/best_model.pt,/home/tahiti/Malashin_Projects/runs_fractional_focused_final/base_D3_L128/T_deep_mean/emb_replace_a060/run_4/final_model.pt,True,True,True,True,True,10,10,0.1701097741535958,0.2764999866485595,2.027922996520996,0.2764999999994998,0.2575514941236433,0.246404706954956,0.1701097741535958,0.2764999866485595,2.027922996520996,0.2764999999994998,0.2575514941236433,0.246404706954956,0.1512868065482358,0.2989999949932098,1.9617441730499268,1.1507668413343874,2.0,4.164545369148255,41.645453691482544,2063.6702030843294,10,0.17011,0.2765,2.027923,41.74
runs_fractional_focused_final,complete,True,base_D3_L128,T_wide_mean,delayed_emb_mix_a08_lam005_warm3,delayed_emb_mix_a08_lam005_warm3,adamw,3,10000,128,19,10,67.18820190429688,119,192,6,3,768,0.1,mean,mix,embeddings,0.8,0.9,0.005,4.0,0.0003,0.01,,/home/tahiti/Malashin_Projects/runs_fractional_focused_final/base_D3_L128/T_wide_mean/delayed_emb_mix_a08_lam005_warm3/run_3,/home/tahiti/Malashin_Projects/runs_fractional_focused_final/base_D3_L128/T_wide_mean/delayed_emb_mix_a08_lam005_warm3/run_3/history.json,/home/tahiti/Malashin_Projects/runs_fractional_focused_final/base_D3_L128/T_wide_mean/delayed_emb_mix_a08_lam005_warm3/run_3/log.txt,/home/tahiti/Malashin_Projects/runs_fractional_focused_final/base_D3_L128/T_wide_mean/delayed_emb_mix_a08_lam005_warm3/run_3/initial_model.pt,/home/tahiti/Malashin_Projects/runs_fractional_focused_final/base_D3_L128/T_wide_mean/delayed_emb_mix_a08_lam005_warm3/run_3/best_model.pt,/home/tahiti/Malashin_Projects/runs_fractional_focused_final/base_D3_L128/T_wide_mean/delayed_emb_mix_a08_lam005_warm3/run_3/final_model.pt,True,True,True,True,True,10,9,0.1638829391184723,0.2919999957084656,1.9990450744628907,0.2919999999994999,0.2511022973866011,0.2809237251281738,0.1324789409684485,0.2885000109672546,2.019218486785889,0.2884999999994999,0.2109339288589359,0.3467154483795166,0.1698887686297021,0.3116250038146972,1.9304818162918087,1.3395912888336108,1.4,2.0193747758865355,20.19374775886536,5919.846664089978,9,0.163883,0.292,1.999045,20.27
runs_fractional_focused_final,complete,True,base_D3_L128,T_base_mean,baseline_adamw,baseline_adamw,adamw,4,10000,128,19,10,67.18820190429688,119,128,4,3,512,0.1,mean,none,none,,,0.0,,0.0003,0.01,,/home/tahiti/Malashin_Projects/runs_fractional_focused_final/base_D3_L128/T_base_mean/baseline_adamw/run_4,/home/tahiti/Malashin_Projects/runs_fractional_focused_final/base_D3_L128/T_base_mean/baseline_adamw/run_4/history.json,/home/tahiti/Malashin_Projects/runs_fractional_focused_final/base_D3_L128/T_base_mean/baseline_adamw/run_4/log.txt,/home/tahiti/Malashin_Projects/runs_fractional_focused_final/base_D3_L128/T_base_mean/baseline_adamw/run_4/initial_model.pt,/home/tahiti/Malashin_Projects/runs_fractional_focused_final/base_D3_L128/T_base_mean/baseline_adamw/run_4/best_model.pt,/home/tahiti/Malashin_Projects/runs_fractional_focused_final/base_D3_L128/T_base_mean/baseline_adamw/run_4/final_model.pt,True,True,True,True,True,10,9,0.1616788321022362,0.2854999899864197,2.0045754947662355,0.2854999999994999,0.2417877608427972,0.2845650205612182,0.1144758751784881,0.2840000092983246,1.998603891372681,0.2839999999994999,0.2052490986516693,0.3238825054168701,0.1499561434249797,0.3003750145435333,1.9610552482604984,1.1311239416381291,0.0,2.7623369216918947,27.623369216918945,3149.8112316512534,9,0.161679,0.2855,2.004575,27.68
runs_fractional_hypothesis_v2,complete,True,base_D3_L128,T_wide_mean,delayed_all_mix_a08_lam025_warm3,delayed_all_mix_a08_lam025_warm3,adamw,0,10000,128,19,10,67.18820190429688,119,192,6,3,768,0.1,mean,mix,all,0.8,0.9,0.25,4.0,0.0003,0.01,,/home/tahiti/Malashin_Projects/runs_fractional_hypothesis_v2/base_D3_L128/T_wide_mean/delayed_all_mix_a08_lam025_warm3/run_0,/home/tahiti/Malashin_Projects/runs_fractional_hypothesis_v2/base_D3_L128/T_wide_mean/delayed_all_mix_a08_lam025_warm3/run_0/history.json,/home/tahiti/Malashin_Projects/runs_fractional_hypothesis_v2/base_D3_L128/T_wide_mean/delayed_all_mix_a08_lam025_warm3/run_0/log.txt,/home/tahiti/Malashin_Projects/runs_fractional_hypothesis_v2/base_D3_L128/T_wide_mean/delayed_all_mix_a08_lam025_warm3/run_0/initial_model.pt,/home/tahiti/Malashin_Projects/runs_fractional_hypothesis_v2/base_D3_L128/T_wide_mean/delayed_all_mix_a08_lam025_warm3/run_0/best_model.pt,/home/tahiti/Malashin_Projects/runs_fractional_hypothesis_v2/base_D3_L128/T_wide_mean/delayed_all_mix_a08_lam025_warm3/run_0/final_model.pt,True,True,True,True,True,10,10,0.1599192777634252,0.2915000021457672,2.013554109573364,0.2914999999994999,0.2487680463176185,0.300444766998291,0.1599192777634252,0.2915000021457672,2.013554109573364,0.2914999999994999,0.2487680463176185,0.300444766998291,0.1727467675653307,0.3111250102519989,1.9343012247085567,1.1510837892254924,29.4,2.4016220808029174,24.01622080802917,5061.513725160023,10,0.159919,0.2915,2.013554,24.07
runs_fractional_focused_final,complete,True,base_D3_L128,T_small_mean,emb_replace_a075,emb_replace_a075,adamw,3,10000,128,19,10,67.18820190429688,119,96,4,2,256,0.1,mean,replace,embeddings,0.75,0.9,1.0,1.0,0.0003,0.01,,/home/tahiti/Malashin_Projects/runs_fractional_focused_final/base_D3_L128/T_small_mean/emb_replace_a075/run_3,/home/tahiti/Malashin_Projects/runs_fractional_focused_final/base_D3_L128/T_small_mean/emb_replace_a075/run_3/history.json,/home/tahiti/Malashin_Projects/runs_fractional_focused_final/base_D3_L128/T_small_mean/emb_replace_a075/run_3/log.txt,/home/tahiti/Malashin_Projects/runs_fractional_focused_final/base_D3_L128/T_small_mean/emb_replace_a075/run_3/initial_model.pt,/home/tahiti/Malashin_Projects/runs_fractional_focused_final/base_D3_L128/T_small_mean/emb_replace_a075/run_3/best_model.pt,/home/tahiti/Malashin_Projects/runs_fractional_focused_final/base_D3_L128/T_small_mean/emb_replace_a075/run_3/final_model.pt,True,True,True,True,True,10,10,0.1594807571022043,0.3145000040531158,1.9651957836151124,0.3144999999994998,0.2531971371709293,0.2830535116195679,0.1594807571022043,0.3145000040531158,1.9651957836151124,0.3144999999994998,0.2531971371709293,0.2830535116195679,0.1387934645477886,0.2904999852180481,1.9837105445861816,0.95207493394839,2.0,1.981177306175232,19.81177306175232,4600.3926319618495,10,0.159481,0.3145,1.965196,19.85
runs_transformer_fractional,complete,True,base_D3_L128,T_small_mean,rmsprop,rmsprop,rmsprop,2,10000,128,19,10,67.18820190429688,119,96,4,2,256,0.1,mean,,,,,,,0.001,0.0,0.0,/home/tahiti/Malashin_Projects/runs_transformer_fractional/base_D3_L128/T_small_mean/rmsprop/run_2,/home/tahiti/Malashin_Projects/runs_transformer_fractional/base_D3_L128/T_small_mean/rmsprop/run_2/history.json,/home/tahiti/Malashin_Projects/runs_transformer_fractional/base_D3_L128/T_small_mean/rmsprop/run_2/log.txt,/home/tahiti/Malashin_Projects/runs_transformer_fractional/base_D3_L128/T_small_mean/rmsprop/run_2/initial_model.pt,/home/tahiti/Malashin_Projects/runs_transformer_fractional/base_D3_L128/T_small_mean/rmsprop/run_2/best_model.pt,/home/tahiti/Malashin_Projects/runs_transformer_fractional/base_D3_L128/T_small_mean/rmsprop/run_2/final_model.pt,True,True,True,True,True,10,9,0.1590593817164541,0.2775000035762787,2.0275366172790528,0.2774999999994998,0.2499138233828758,0.3095494809150695,0.1220378790316204,0.2964999973773956,2.0438873825073243,0.2964999999994999,0.20924384817911,0.3626685175895691,0.2061039014910116,0.3328750133514404,1.8794789066314697,1.2786233200902568,,52.33391878604889,523.3391878604889,152.87196121047015,9,0.159059,0.2775,2.027537,523.36
runs_fractional_scenarios,complete,True,base_D3_L128,T_wide_mean,delayed_mixed_head_a08_lam025_warm3,delayed_mixed_head_a08_lam025_warm3,adamw,1,10000,128,19,10,67.18820190429688,119,192,6,3,768,0.1,mean,mix,head,0.8,0.9,0.25,4.0,0.0003,0.01,,/home/tahiti/Malashin_Projects/runs_fractional_scenarios/base_D3_L128/T_wide_mean/delayed_mixed_head_a08_lam025_warm3/run_1,/home/tahiti/Malashin_Projects/runs_fractional_scenarios/base_D3_L128/T_wide_mean/delayed_mixed_head_a08_lam025_warm3/run_1/history.json,/home/tahiti/Malashin_Projects/runs_fractional_scenarios/base_D3_L128/T_wide_mean/delayed_mixed_head_a08_lam025_warm3/run_1/log.txt,/home/tahiti/Malashin_Projects/runs_fractional_scenarios/base_D3_L128/T_wide_mean/delayed_mixed_head_a08_lam025_warm3/run_1/initial_model.pt,/home/tahiti/Malashin_Projects/runs_fractional_scenarios/base_D3_L128/T_wide_mean/delayed_mixed_head_a08_lam025_warm3/run_1/best_model.pt,/home/tahiti/Malashin_Projects/runs_fractional_scenarios/base_D3_L128/T_wide_mean/delayed_mixed_head_a08_lam025_warm3/run_1/final_model.pt,True,True,True,True,True,10,10,0.155259704945453,0.2870000004768371,1.9966118087768556,0.2869999999994999,0.2415770042821965,0.2706554460525512,0.155259704945453,0.2870000004768371,1.9966118087768556,0.2869999999994999,0.2415770042821965,0.2706554460525512,0.1790640099644905,0.3158749938011169,1.9297158012390137,1.1649586123948172,1.4,3.385658526420593,33.85658526420593,2522.386951718618,10,0.15526,0.287,1.996612,33.93
runs_fractional_hypothesis_v2,complete,True,base_D3_L128,T_base_mean,delayed_all_mix_a08_lam010_warm3,delayed_all_mix_a08_lam010_warm3,adamw,1,10000,128,19,10,67.18820190429688,119,128,4,3,512,0.1,mean,mix,all,0.8,0.9,0.1,4.0,0.0003,0.01,,/home/tahiti/Malashin_Projects/runs_fractional_hypothesis_v2/base_D3_L128/T_base_mean/delayed_all_mix_a08_lam010_warm3/run_1,/home/tahiti/Malashin_Projects/runs_fractional_hypothesis_v2/base_D3_L128/T_base_mean/delayed_all_mix_a08_lam010_warm3/run_1/history.json,/home/tahiti/Malashin_Projects/runs_fractional_hypothesis_v2/base_D3_L128/T_base_mean/delayed_all_mix_a08_lam010_warm3/run_1/log.txt,/home/tahiti/Malashin_Projects/runs_fractional_hypothesis_v2/base_D3_L128/T_base_mean/delayed_all_mix_a08_lam010_warm3/run_1/initial_model.pt,/home/tahiti/Malashin_Projects/runs_fractional_hypothesis_v2/base_D3_L128/T_base_mean/delayed_all_mix_a08_lam010_warm3/run_1/best_model.pt,/home/tahiti/Malashin_Projects/runs_fractional_hypothesis_v2/base_D3_L128/T_base_mean/delayed_all_mix_a08_lam010_warm3/run_1/final_model.pt,True,True,True,True,True,10,9,0.1533903652363688,0.2960000038146972,1.9923048992156984,0.2959999999994999,0.2468837983366082,0.2752899866104126,0.140111489306189,0.3000000119209289,1.991524574279785,0.2999999999994999,0.231532410777722,0.32205788230896,0.1500031634562824,0.2987500131130218,1.965132360458374,1.0630143930960068,29.4,2.921800398826599,29.21800398826599,2987.2906417081063,9,0.15339,0.296,1.992305,29.28
runs_transformer_fractional,complete,True,base_D3_L128,T_wide_mean,adam,adam,adam,2,10000,128,19,10,67.18820190429688,119,192,6,3,768,0.1,mean,,,,,,,0.0003,0.0,0.0,/home/tahiti/Malashin_Projects/runs_transformer_fractional/base_D3_L128/T_wide_mean/adam/run_2,/home/tahiti/Malashin_Projects/runs_transformer_fractional/base_D3_L128/T_wide_mean/adam/run_2/history.json,/home/tahiti/Malashin_Projects/runs_transformer_fractional/base_D3_L128/T_wide_mean/adam/run_2/log.txt,/home/tahiti/Malashin_Projects/runs_transformer_fractional/base_D3_L128/T_wide_mean/adam/run_2/initial_model.pt,/home/tahiti/Malashin_Projects/runs_transformer_fractional/base_D3_L128/T_wide_mean/adam/run_2/best_model.pt,/home/tahiti/Malashin_Projects/runs_transformer_fractional/base_D3_L128/T_wide_mean/adam/run_2/final_model.pt,True,True,True,True,True,10,10,0.152600183933147,0.2860000133514404,2.058444910049438,0.2859999999994999,0.2445317906919611,0.3771310439109802,0.152600183933147,0.2860000133514404,2.058444910049438,0.2859999999994999,0.2445317906919611,0.3771310439109802,0.2345009556237314,0.3503749966621399,1.827095477104187,1.958846624776335,,100.76819999217987,1007.6819999217988,79.42873467045354,10,0.1526,0.286,2.058445,1008.04
runs_transformer_fractional,complete,True,base_D3_L128,T_base_cls,adam,adam,adam,0,10000,128,19,10,67.18820190429688,119,128,4,3,512,0.1,cls,,,,,,,0.0003,0.0,0.0,/home/tahiti/Malashin_Projects/runs_transformer_fractional/base_D3_L128/T_base_cls/adam/run_0,/home/tahiti/Malashin_Projects/runs_transformer_fractional/base_D3_L128/T_base_cls/adam/run_0/history.json,/home/tahiti/Malashin_Projects/runs_transformer_fractional/base_D3_L128/T_base_cls/adam/run_0/log.txt,/home/tahiti/Malashin_Projects/runs_transformer_fractional/base_D3_L128/T_base_cls/adam/run_0/initial_model.pt,/home/tahiti/Malashin_Projects/runs_transformer_fractional/base_D3_L128/T_base_cls/adam/run_0/best_model.pt,/home/tahiti/Malashin_Projects/runs_transformer_fractional/base_D3_L128/T_base_cls/adam/run_0/final_model.pt,True,True,True,True,True,10,10,0.1525577228518679,0.2664999961853027,2.0447970628738403,0.2664999999994999,0.2439677995997214,0.2817380528450012,0.1525577228518679,0.2664999961853027,2.0447970628738403,0.2664999999994999,0.2439677995997214,0.2817380528450012,0.1719225538864932,0.3152500092983246,1.9288637218475344,1.5883913368005629,,126.29662899971008,1262.9662899971008,63.38936685023653,10,0.152558,0.2665,2.044797,1263.04
runs_fractional_scenarios,complete,True,base_D3_L128,T_small_mean,delayed_mixed_head_a08_lam025_warm3,delayed_mixed_head_a08_lam025_warm3,adamw,2,10000,128,19,10,67.18820190429688,119,96,4,2,256,0.1,mean,mix,head,0.8,0.9,0.25,4.0,0.0003,0.01,,/home/tahiti/Malashin_Projects/runs_fractional_scenarios/base_D3_L128/T_small_mean/delayed_mixed_head_a08_lam025_warm3/run_2,/home/tahiti/Malashin_Projects/runs_fractional_scenarios/base_D3_L128/T_small_mean/delayed_mixed_head_a08_lam025_warm3/run_2/history.json,/home/tahiti/Malashin_Projects/runs_fractional_scenarios/base_D3_L128/T_small_mean/delayed_mixed_head_a08_lam025_warm3/run_2/log.txt,/home/tahiti/Malashin_Projects/runs_fractional_scenarios/base_D3_L128/T_small_mean/delayed_mixed_head_a08_lam025_warm3/run_2/initial_model.pt,/home/tahiti/Malashin_Projects/runs_fractional_scenarios/base_D3_L128/T_small_mean/delayed_mixed_head_a08_lam025_warm3/run_2/best_model.pt,/home/tahiti/Malashin_Projects/runs_fractional_scenarios/base_D3_L128/T_small_mean/delayed_mixed_head_a08_lam025_warm3/run_2/final_model.pt,True,True,True,True,True,10,10,0.1515675341267623,0.2870000004768371,2.0125826263427733,0.2869999999994999,0.2433292266280178,0.2621073350906372,0.1515675341267623,0.2870000004768371,2.0125826263427733,0.2869999999994999,0.2433292266280178,0.2621073350906372,0.1442036364895234,0.2981249988079071,1.980728651046753,0.8645537879391096,1.4,1.9356532573699952,19.35653257369995,4894.392621867306,10,0.151568,0.287,2.012583,19.39
runs_transformer_fractional,complete,True,base_D3_L128,T_deep_mean,adamw,adamw,adamw,0,10000,128,19,10,67.18820190429688,119,128,4,5,512,0.15,mean,,,,,,,0.0003,0.01,0.0,/home/tahiti/Malashin_Projects/runs_transformer_fractional/base_D3_L128/T_deep_mean/adamw/run_0,/home/tahiti/Malashin_Projects/runs_transformer_fractional/base_D3_L128/T_deep_mean/adamw/run_0/history.json,/home/tahiti/Malashin_Projects/runs_transformer_fractional/base_D3_L128/T_deep_mean/adamw/run_0/log.txt,/home/tahiti/Malashin_Projects/runs_transformer_fractional/base_D3_L128/T_deep_mean/adamw/run_0/initial_model.pt,/home/tahiti/Malashin_Projects/runs_transformer_fractional/base_D3_L128/T_deep_mean/adamw/run_0/best_model.pt,/home/tahiti/Malashin_Projects/runs_transformer_fractional/base_D3_L128/T_deep_mean/adamw/run_0/final_model.pt,True,True,True,True,True,10,10,0.1510733654899635,0.270000010728836,2.0032851810455323,0.2699999999994998,0.2376593717679546,0.289684965133667,0.1510733654899635,0.270000010728836,2.0032851810455323,0.2699999999994998,0.2376593717679546,0.289684965133667,0.1686773207790974,0.3138749897480011,1.925314824104309,1.6062543813161578,,212.37228589057924,2123.722858905792,37.67057741366496,10,0.151073,0.27,2.003285,2123.8
runs_transformer_fractional,complete,True,base_D3_L128,T_base_mean,adam,adam,adam,1,10000,128,19,10,67.18820190429688,119,128,4,3,512,0.1,mean,,,,,,,0.0003,0.0,0.0,/home/tahiti/Malashin_Projects/runs_transformer_fractional/base_D3_L128/T_base_mean/adam/run_1,/home/tahiti/Malashin_Projects/runs_transformer_fractional/base_D3_L128/T_base_mean/adam/run_1/history.json,/home/tahiti/Malashin_Projects/runs_transformer_fractional/base_D3_L128/T_base_mean/adam/run_1/log.txt,/home/tahiti/Malashin_Projects/runs_transformer_fractional/base_D3_L128/T_base_mean/adam/run_1/initial_model.pt,/home/tahiti/Malashin_Projects/runs_transformer_fractional/base_D3_L128/T_base_mean/adam/run_1/best_model.pt,/home/tahiti/Malashin_Projects/runs_transformer_fractional/base_D3_L128/T_base_mean/adam/run_1/final_model.pt,True,True,True,True,True,10,10,0.1488798618846701,0.2775000035762787,2.0118351764678954,0.2774999999994998,0.227973034971245,0.3122394404411316,0.1488798618846701,0.2775000035762787,2.0118351764678954,0.2774999999994998,0.227973034971245,0.3122394404411316,0.1822163965952439,0.3216249942779541,1.916542782783508,1.6118001579875951,,123.83399367332458,1238.3399367332458,64.60606484752972,10,0.14888,0.2775,2.011835,1238.38
runs_fractional_focused_final,complete,True,base_D3_L128,T_base_cls,delayed_emb_mix_a08_lam010_warm3,delayed_emb_mix_a08_lam010_warm3,adamw,2,10000,128,19,10,67.18820190429688,119,128,4,3,512,0.1,cls,mix,embeddings,0.8,0.9,0.01,4.0,0.0003,0.01,,/home/tahiti/Malashin_Projects/runs_fractional_focused_final/base_D3_L128/T_base_cls/delayed_emb_mix_a08_lam010_warm3/run_2,/home/tahiti/Malashin_Projects/runs_fractional_focused_final/base_D3_L128/T_base_cls/delayed_emb_mix_a08_lam010_warm3/run_2/history.json,/home/tahiti/Malashin_Projects/runs_fractional_focused_final/base_D3_L128/T_base_cls/delayed_emb_mix_a08_lam010_warm3/run_2/log.txt,/home/tahiti/Malashin_Projects/runs_fractional_focused_final/base_D3_L128/T_base_cls/delayed_emb_mix_a08_lam010_warm3/run_2/initial_model.pt,/home/tahiti/Malashin_Projects/runs_fractional_focused_final/base_D3_L128/T_base_cls/delayed_emb_mix_a08_lam010_warm3/run_2/best_model.pt,/home/tahiti/Malashin_Projects/runs_fractional_focused_final/base_D3_L128/T_base_cls/delayed_emb_mix_a08_lam010_warm3/run_2/final_model.pt,True,True,True,True,True,10,10,0.1485925837408239,0.2980000078678131,1.987485376358032,0.2979999999994999,0.2398990408569494,0.3091188726425171,0.1485925837408239,0.2980000078678131,1.987485376358032,0.2979999999994999,0.2398990408569494,0.3091188726425171,0.1450517300367307,0.2998749911785126,1.9730990934371948,1.0503732308528793,1.4,2.847569489479065,28.47569489479065,2912.348992515518,10,0.148593,0.298,1.987485,28.52
runs_fractional_hypothesis_v2,complete,True,base_D3_L128,T_small_mean,delayed_all_mix_a08_lam015_warm3,delayed_all_mix_a08_lam015_warm3,adamw,2,10000,128,19,10,67.18820190429688,119,96,4,2,256,0.1,mean,mix,all,0.8,0.9,0.15,4.0,0.0003,0.01,,/home/tahiti/Malashin_Projects/runs_fractional_hypothesis_v2/base_D3_L128/T_small_mean/delayed_all_mix_a08_lam015_warm3/run_2,/home/tahiti/Malashin_Projects/runs_fractional_hypothesis_v2/base_D3_L128/T_small_mean/delayed_all_mix_a08_lam015_warm3/run_2/history.json,/home/tahiti/Malashin_Projects/runs_fractional_hypothesis_v2/base_D3_L128/T_small_mean/delayed_all_mix_a08_lam015_warm3/run_2/log.txt,/home/tahiti/Malashin_Projects/runs_fractional_hypothesis_v2/base_D3_L128/T_small_mean/delayed_all_mix_a08_lam015_warm3/run_2/initial_model.pt,/home/tahiti/Malashin_Projects/runs_fractional_hypothesis_v2/base_D3_L128/T_small_mean/delayed_all_mix_a08_lam015_warm3/run_2/best_model.pt,/home/tahiti/Malashin_Projects/runs_fractional_hypothesis_v2/base_D3_L128/T_small_mean/delayed_all_mix_a08_lam015_warm3/run_2/final_model.pt,True,True,True,True,True,10,6,0.1457577778010818,0.2924999892711639,2.0205382022857665,0.2924999999994999,0.2315206233026239,0.2552170486450195,0.1262504236163062,0.2860000133514404,2.0131076049804686,0.2859999999994999,0.2096900482531576,0.3144332256317139,0.1426575009153294,0.3008750081062317,1.9710997619628907,0.8445134640306227,21.0,1.878352069854736,18.783520698547363,5224.0089560814085,6,0.145758,0.2925,2.020538,18.81
runs_fractional_hypothesis_v2,complete,True,base_D3_L128,T_base_cls,emb_replace_a08,emb_replace_a08,adamw,1,10000,128,19,10,67.18820190429688,119,128,4,3,512,0.1,cls,replace,embeddings,0.8,0.9,1.0,1.0,0.0003,0.01,,/home/tahiti/Malashin_Projects/runs_fractional_hypothesis_v2/base_D3_L128/T_base_cls/emb_replace_a08/run_1,/home/tahiti/Malashin_Projects/runs_fractional_hypothesis_v2/base_D3_L128/T_base_cls/emb_replace_a08/run_1/history.json,/home/tahiti/Malashin_Projects/runs_fractional_hypothesis_v2/base_D3_L128/T_base_cls/emb_replace_a08/run_1/log.txt,/home/tahiti/Malashin_Projects/runs_fractional_hypothesis_v2/base_D3_L128/T_base_cls/emb_replace_a08/run_1/initial_model.pt,/home/tahiti/Malashin_Projects/runs_fractional_hypothesis_v2/base_D3_L128/T_base_cls/emb_replace_a08/run_1/best_model.pt,/home/tahiti/Malashin_Projects/runs_fractional_hypothesis_v2/base_D3_L128/T_base_cls/emb_replace_a08/run_1/final_model.pt,True,True,True,True,True,10,10,0.1456422008407235,0.2930000126361847,2.003016817092896,0.2929999999994999,0.2384690281914192,0.2935237731933593,0.1456422008407235,0.2930000126361847,2.003016817092896,0.2929999999994999,0.2384690281914192,0.2935237731933593,0.1573595561969152,0.2998749911785126,1.955026300430298,1.0394581537471952,2.0,2.8343493938446045,28.343493938446045,3194.719911263732,10,0.145642,0.293,2.003017,28.39
runs_fractional_scenarios,complete,True,base_D3_L128,T_base_cls,attention_only_replace_a08,attention_only_replace_a08,adamw,2,10000,128,19,10,67.18820190429688,119,128,4,3,512,0.1,cls,replace,attention,0.8,0.9,1.0,1.0,0.0003,0.01,,/home/tahiti/Malashin_Projects/runs_fractional_scenarios/base_D3_L128/T_base_cls/attention_only_replace_a08/run_2,/home/tahiti/Malashin_Projects/runs_fractional_scenarios/base_D3_L128/T_base_cls/attention_only_replace_a08/run_2/history.json,/home/tahiti/Malashin_Projects/runs_fractional_scenarios/base_D3_L128/T_base_cls/attention_only_replace_a08/run_2/log.txt,/home/tahiti/Malashin_Projects/runs_fractional_scenarios/base_D3_L128/T_base_cls/attention_only_replace_a08/run_2/initial_model.pt,/home/tahiti/Malashin_Projects/runs_fractional_scenarios/base_D3_L128/T_base_cls/attention_only_replace_a08/run_2/best_model.pt,/home/tahiti/Malashin_Projects/runs_fractional_scenarios/base_D3_L128/T_base_cls/attention_only_replace_a08/run_2/final_model.pt,True,True,True,True,True,10,7,0.1452868222731569,0.2569999992847442,2.0872980461120605,0.2569999999994999,0.224458500150339,0.2226577672958374,0.1270594629680703,0.2644999921321869,2.0470842571258543,0.2644999999994999,0.2169003574812764,0.2794196453094482,0.1452527679671988,0.3032500147819519,1.974897073745728,1.1407189059578693,12.0,2.6097361564636232,26.09736156463623,3632.493827763965,7,0.145287,0.257,2.087298,26.13
runs_fractional_scenarios,complete,True,base_D3_L128,T_deep_mean,baseline_adamw,baseline_adamw,adamw,0,10000,128,19,10,67.18820190429688,119,128,4,5,512,0.15,mean,none,none,,,0.0,,0.0003,0.01,,/home/tahiti/Malashin_Projects/runs_fractional_scenarios/base_D3_L128/T_deep_mean/baseline_adamw/run_0,/home/tahiti/Malashin_Projects/runs_fractional_scenarios/base_D3_L128/T_deep_mean/baseline_adamw/run_0/history.json,/home/tahiti/Malashin_Projects/runs_fractional_scenarios/base_D3_L128/T_deep_mean/baseline_adamw/run_0/log.txt,/home/tahiti/Malashin_Projects/runs_fractional_scenarios/base_D3_L128/T_deep_mean/baseline_adamw/run_0/initial_model.pt,/home/tahiti/Malashin_Projects/runs_fractional_scenarios/base_D3_L128/T_deep_mean/baseline_adamw/run_0/best_model.pt,/home/tahiti/Malashin_Projects/runs_fractional_scenarios/base_D3_L128/T_deep_mean/baseline_adamw/run_0/final_model.pt,True,True,True,True,True,10,8,0.1431831644090218,0.3030000030994415,1.9907062797546389,0.3029999999994999,0.2400699678369504,0.2753407096862793,0.117373069637511,0.3005000054836273,1.9973559913635253,0.3004999999994999,0.2106615969217555,0.3447017812728882,0.1506095667156609,0.2943750023841858,1.9657492179870608,1.1121846274700389,0.0,4.26603147983551,42.6603147983551,1995.8518730999156,8,0.143183,0.303,1.990706,42.71
runs_fractional_scenarios,complete,True,base_D3_L128,T_base_mean,mixed_all_a08_lam025,mixed_all_a08_lam025,adamw,0,10000,128,19,10,67.18820190429688,119,128,4,3,512,0.1,mean,mix,all,0.8,0.9,0.25,1.0,0.0003,0.01,,/home/tahiti/Malashin_Projects/runs_fractional_scenarios/base_D3_L128/T_base_mean/mixed_all_a08_lam025/run_0,/home/tahiti/Malashin_Projects/runs_fractional_scenarios/base_D3_L128/T_base_mean/mixed_all_a08_lam025/run_0/history.json,/home/tahiti/Malashin_Projects/runs_fractional_scenarios/base_D3_L128/T_base_mean/mixed_all_a08_lam025/run_0/log.txt,/home/tahiti/Malashin_Projects/runs_fractional_scenarios/base_D3_L128/T_base_mean/mixed_all_a08_lam025/run_0/initial_model.pt,/home/tahiti/Malashin_Projects/runs_fractional_scenarios/base_D3_L128/T_base_mean/mixed_all_a08_lam025/run_0/best_model.pt,/home/tahiti/Malashin_Projects/runs_fractional_scenarios/base_D3_L128/T_base_mean/mixed_all_a08_lam025/run_0/final_model.pt,True,True,True,True,True,10,9,0.142112439094766,0.2975000143051147,1.9856463203430172,0.2974999999994999,0.2368505124307022,0.2753516407012939,0.1233271543554767,0.304500013589859,1.9873279247283933,0.3044999999994999,0.2165668986022453,0.3303688735961914,0.160057046180594,0.3023749887943268,1.9547929277420044,0.8622789663994505,42.0,2.7700820922851563,27.70082092285156,3231.0333959218747,9,0.142112,0.2975,1.985646,27.74
runs_transformer_fractional,complete,True,hard_D4_L160,T_wide_mean,adam,adam,adam,2,12000,160,19,10,150.64700317382812,160,192,6,3,768,0.1,mean,,,,,,,0.0003,0.0,0.0,/home/tahiti/Malashin_Projects/runs_transformer_fractional/hard_D4_L160/T_wide_mean/adam/run_2,/home/tahiti/Malashin_Projects/runs_transformer_fractional/hard_D4_L160/T_wide_mean/adam/run_2/history.json,/home/tahiti/Malashin_Projects/runs_transformer_fractional/hard_D4_L160/T_wide_mean/adam/run_2/log.txt,/home/tahiti/Malashin_Projects/runs_transformer_fractional/hard_D4_L160/T_wide_mean/adam/run_2/initial_model.pt,/home/tahiti/Malashin_Projects/runs_transformer_fractional/hard_D4_L160/T_wide_mean/adam/run_2/best_model.pt,/home/tahiti/Malashin_Projects/runs_transformer_fractional/hard_D4_L160/T_wide_mean/adam/run_2/final_model.pt,True,True,True,True,True,10,8,0.1200090410929053,0.3425000011920929,1.9376189994812008,0.3424999999994998,0.2576046697881449,0.3193878757953644,0.1136366762141481,0.3400000035762787,1.9662307167053223,0.3399999999994998,0.2496841384359131,0.3723493353525797,0.1323654673177134,0.3465625047683716,1.8876637268066403,1.8123536490166168,,159.99686002731323,1599.9686002731323,60.00962801808929,8,0.120009,0.3425,1.937619,1600.33
runs_fractional_scenarios,complete,True,hard_D4_L160,T_wide_mean,embeddings_only_replace_a08,embeddings_only_replace_a08,adamw,0,12000,160,19,10,150.64700317382812,160,192,6,3,768,0.1,mean,replace,embeddings,0.8,0.9,1.0,1.0,0.0003,0.01,,/home/tahiti/Malashin_Projects/runs_fractional_scenarios/hard_D4_L160/T_wide_mean/embeddings_only_replace_a08/run_0,/home/tahiti/Malashin_Projects/runs_fractional_scenarios/hard_D4_L160/T_wide_mean/embeddings_only_replace_a08/run_0/history.json,/home/tahiti/Malashin_Projects/runs_fractional_scenarios/hard_D4_L160/T_wide_mean/embeddings_only_replace_a08/run_0/log.txt,/home/tahiti/Malashin_Projects/runs_fractional_scenarios/hard_D4_L160/T_wide_mean/embeddings_only_replace_a08/run_0/initial_model.pt,/home/tahiti/Malashin_Projects/runs_fractional_scenarios/hard_D4_L160/T_wide_mean/embeddings_only_replace_a08/run_0/best_model.pt,/home/tahiti/Malashin_Projects/runs_fractional_scenarios/hard_D4_L160/T_wide_mean/embeddings_only_replace_a08/run_0/final_model.pt,True,True,True,True,True,10,10,0.1190690572227247,0.3420833349227905,1.9403574752807615,0.3420833333328332,0.2556483966664221,0.3143714825312296,0.1190690572227247,0.3420833349227905,1.9403574752807615,0.3420833333328332,0.2556483966664221,0.3143714825312296,0.1078193020353753,0.3448958396911621,1.915765986442566,1.2205246314692109,2.0,4.650284123420716,46.50284123420715,2191.8866748385767,10,0.119069,0.342083,1.940357,46.56
runs_fractional_scenarios,complete,True,hard_D4_L160,T_base_cls,delayed_mixed_all_a08_lam025_warm3,delayed_mixed_all_a08_lam025_warm3,adamw,1,12000,160,19,10,150.64700317382812,160,128,4,3,512,0.1,cls,mix,all,0.8,0.9,0.25,4.0,0.0003,0.01,,/home/tahiti/Malashin_Projects/runs_fractional_scenarios/hard_D4_L160/T_base_cls/delayed_mixed_all_a08_lam025_warm3/run_1,/home/tahiti/Malashin_Projects/runs_fractional_scenarios/hard_D4_L160/T_base_cls/delayed_mixed_all_a08_lam025_warm3/run_1/history.json,/home/tahiti/Malashin_Projects/runs_fractional_scenarios/hard_D4_L160/T_base_cls/delayed_mixed_all_a08_lam025_warm3/run_1/log.txt,/home/tahiti/Malashin_Projects/runs_fractional_scenarios/hard_D4_L160/T_base_cls/delayed_mixed_all_a08_lam025_warm3/run_1/initial_model.pt,/home/tahiti/Malashin_Projects/runs_fractional_scenarios/hard_D4_L160/T_base_cls/delayed_mixed_all_a08_lam025_warm3/run_1/best_model.pt,/home/tahiti/Malashin_Projects/runs_fractional_scenarios/hard_D4_L160/T_base_cls/delayed_mixed_all_a08_lam025_warm3/run_1/final_model.pt,True,True,True,True,True,10,10,0.1187091060681937,0.3300000131130218,1.9782325649261476,0.3299999999994998,0.2407555642132972,0.3092601410547892,0.1187091060681937,0.3300000131130218,1.9782325649261476,0.3299999999994998,0.2407555642132972,0.3092601410547892,0.1162322712337439,0.3504166603088379,1.922004141807556,0.8242283910997535,29.4,3.8257386922836303,38.257386922836304,2684.3867090141102,10,0.118709,0.33,1.978233,38.31
runs_fractional_focused_final,complete,True,hard_D4_L160,T_small_mean,all_mix_a08_lam030,all_mix_a08_lam030,adamw,4,12000,160,19,10,150.64700317382812,160,96,4,2,256,0.1,mean,mix,all,0.8,0.9,0.03,1.0,0.0003,0.01,,/home/tahiti/Malashin_Projects/runs_fractional_focused_final/hard_D4_L160/T_small_mean/all_mix_a08_lam030/run_4,/home/tahiti/Malashin_Projects/runs_fractional_focused_final/hard_D4_L160/T_small_mean/all_mix_a08_lam030/run_4/history.json,/home/tahiti/Malashin_Projects/runs_fractional_focused_final/hard_D4_L160/T_small_mean/all_mix_a08_lam030/run_4/log.txt,/home/tahiti/Malashin_Projects/runs_fractional_focused_final/hard_D4_L160/T_small_mean/all_mix_a08_lam030/run_4/initial_model.pt,/home/tahiti/Malashin_Projects/runs_fractional_focused_final/hard_D4_L160/T_small_mean/all_mix_a08_lam030/run_4/best_model.pt,/home/tahiti/Malashin_Projects/runs_fractional_focused_final/hard_D4_L160/T_small_mean/all_mix_a08_lam030/run_4/final_model.pt,True,True,True,True,True,10,7,0.1166528893659616,0.3366666734218597,1.956189579963684,0.3366666666661665,0.2361496130537206,0.3094104973475138,0.0977906422028204,0.3345833420753479,1.954263744354248,0.3345833333328332,0.2202338182049276,0.3239085737864176,0.0971011790131298,0.3420833349227905,1.9329350447654725,0.8487571008224167,30.0,2.0123910903930664,20.123910903930664,5664.088457608881,7,0.116653,0.336667,1.95619,20.15
runs_transformer_fractional,complete,True,hard_D4_L160,T_base_cls,adam,adam,adam,2,12000,160,19,10,150.64700317382812,160,128,4,3,512,0.1,cls,,,,,,,0.0003,0.0,0.0,/home/tahiti/Malashin_Projects/runs_transformer_fractional/hard_D4_L160/T_base_cls/adam/run_2,/home/tahiti/Malashin_Projects/runs_transformer_fractional/hard_D4_L160/T_base_cls/adam/run_2/history.json,/home/tahiti/Malashin_Projects/runs_transformer_fractional/hard_D4_L160/T_base_cls/adam/run_2/log.txt,/home/tahiti/Malashin_Projects/runs_transformer_fractional/hard_D4_L160/T_base_cls/adam/run_2/initial_model.pt,/home/tahiti/Malashin_Projects/runs_transformer_fractional/hard_D4_L160/T_base_cls/adam/run_2/best_model.pt,/home/tahiti/Malashin_Projects/runs_transformer_fractional/hard_D4_L160/T_base_cls/adam/run_2/final_model.pt,True,True,True,True,True,10,8,0.1141408721230731,0.3391666710376739,1.947948819796244,0.3391666666661665,0.2558047363319672,0.3242640626430511,0.0856202943850198,0.3574999868869781,1.9407555023829144,0.3574999999994998,0.2183941877833978,0.3650023984909057,0.1210444045351718,0.3414583206176758,1.9121681944529216,1.488695524066214,,101.92579336166382,1019.2579336166382,94.20304175023672,8,0.114141,0.339167,1.947949,1019.46
runs_fractional_hypothesis_v2,complete,True,hard_D4_L160,T_small_mean,delayed_emb_mix_a08_lam010_warm3,delayed_emb_mix_a08_lam010_warm3,adamw,1,12000,160,19,10,150.64700317382812,160,96,4,2,256,0.1,mean,mix,embeddings,0.8,0.9,0.1,4.0,0.0003,0.01,,/home/tahiti/Malashin_Projects/runs_fractional_hypothesis_v2/hard_D4_L160/T_small_mean/delayed_emb_mix_a08_lam010_warm3/run_1,/home/tahiti/Malashin_Projects/runs_fractional_hypothesis_v2/hard_D4_L160/T_small_mean/delayed_emb_mix_a08_lam010_warm3/run_1/history.json,/home/tahiti/Malashin_Projects/runs_fractional_hypothesis_v2/hard_D4_L160/T_small_mean/delayed_emb_mix_a08_lam010_warm3/run_1/log.txt,/home/tahiti/Malashin_Projects/runs_fractional_hypothesis_v2/hard_D4_L160/T_small_mean/delayed_emb_mix_a08_lam010_warm3/run_1/initial_model.pt,/home/tahiti/Malashin_Projects/runs_fractional_hypothesis_v2/hard_D4_L160/T_small_mean/delayed_emb_mix_a08_lam010_warm3/run_1/best_model.pt,/home/tahiti/Malashin_Projects/runs_fractional_hypothesis_v2/hard_D4_L160/T_small_mean/delayed_emb_mix_a08_lam010_warm3/run_1/final_model.pt,True,True,True,True,True,10,7,0.1137614574976879,0.3295833468437195,1.9602919292449952,0.3295833333328332,0.2389702302803968,0.2741857512791951,0.0851538405456165,0.3291666805744171,1.944984998703003,0.3291666666661665,0.2085594782877157,0.3337772448857625,0.101095134036967,0.3427083194255829,1.9350316739082336,0.8854204489410353,1.4,2.260363864898681,22.603638648986816,6519.460070824423,7,0.113761,0.329583,1.960292,22.63
runs_fractional_focused_final,complete,True,hard_D4_L160,T_base_mean,delayed_emb_mix_a08_lam005_warm3,delayed_emb_mix_a08_lam005_warm3,adamw,0,12000,160,19,10,150.64700317382812,160,128,4,3,512,0.1,mean,mix,embeddings,0.8,0.9,0.005,4.0,0.0003,0.01,,/home/tahiti/Malashin_Projects/runs_fractional_focused_final/hard_D4_L160/T_base_mean/delayed_emb_mix_a08_lam005_warm3/run_0,/home/tahiti/Malashin_Projects/runs_fractional_focused_final/hard_D4_L160/T_base_mean/delayed_emb_mix_a08_lam005_warm3/run_0/history.json,/home/tahiti/Malashin_Projects/runs_fractional_focused_final/hard_D4_L160/T_base_mean/delayed_emb_mix_a08_lam005_warm3/run_0/log.txt,/home/tahiti/Malashin_Projects/runs_fractional_focused_final/hard_D4_L160/T_base_mean/delayed_emb_mix_a08_lam005_warm3/run_0/initial_model.pt,/home/tahiti/Malashin_Projects/runs_fractional_focused_final/hard_D4_L160/T_base_mean/delayed_emb_mix_a08_lam005_warm3/run_0/best_model.pt,/home/tahiti/Malashin_Projects/runs_fractional_focused_final/hard_D4_L160/T_base_mean/delayed_emb_mix_a08_lam005_warm3/run_0/final_model.pt,True,True,True,True,True,10,8,0.1127655772270741,0.3487499952316284,1.951083011627197,0.3487499999994999,0.2459344239631616,0.2508093070983886,0.0792615480201728,0.3454166650772095,1.9174695873260497,0.3454166666661665,0.210281614719979,0.3353190517425537,0.0954926198399892,0.3420833349227905,1.9339602756500245,1.012862110619372,1.4,3.0663376808166505,30.663376808166504,3446.696940050943,8,0.112766,0.34875,1.951083,30.7
runs_fractional_hypothesis_v2,complete,True,hard_D4_L160,T_wide_mean,emb_replace_a07,emb_replace_a07,adamw,0,12000,160,19,10,150.64700317382812,160,192,6,3,768,0.1,mean,replace,embeddings,0.7,0.9,1.0,1.0,0.0003,0.01,,/home/tahiti/Malashin_Projects/runs_fractional_hypothesis_v2/hard_D4_L160/T_wide_mean/emb_replace_a07/run_0,/home/tahiti/Malashin_Projects/runs_fractional_hypothesis_v2/hard_D4_L160/T_wide_mean/emb_replace_a07/run_0/history.json,/home/tahiti/Malashin_Projects/runs_fractional_hypothesis_v2/hard_D4_L160/T_wide_mean/emb_replace_a07/run_0/log.txt,/home/tahiti/Malashin_Projects/runs_fractional_hypothesis_v2/hard_D4_L160/T_wide_mean/emb_replace_a07/run_0/initial_model.pt,/home/tahiti/Malashin_Projects/runs_fractional_hypothesis_v2/hard_D4_L160/T_wide_mean/emb_replace_a07/run_0/best_model.pt,/home/tahiti/Malashin_Projects/runs_fractional_hypothesis_v2/hard_D4_L160/T_wide_mean/emb_replace_a07/run_0/final_model.pt,True,True,True,True,True,10,10,0.1127305556107273,0.3391666710376739,1.9332686281204223,0.3391666666661665,0.2578987562576311,0.3163556790351867,0.1127305556107273,0.3391666710376739,1.9332686281204223,0.3391666666661665,0.2578987562576311,0.3163556790351867,0.1032330238376958,0.3373958468437195,1.925328085422516,1.2641897354698275,2.0,4.700383114814758,47.00383114814758,2173.173493499211,10,0.112731,0.339167,1.933269,47.09
runs_transformer_fractional,complete,True,hard_D4_L160,T_small_mean,rmsprop,rmsprop,rmsprop,2,12000,160,19,10,150.64700317382812,160,96,4,2,256,0.1,mean,,,,,,,0.001,0.0,0.0,/home/tahiti/Malashin_Projects/runs_transformer_fractional/hard_D4_L160/T_small_mean/rmsprop/run_2,/home/tahiti/Malashin_Projects/runs_transformer_fractional/hard_D4_L160/T_small_mean/rmsprop/run_2/history.json,/home/tahiti/Malashin_Projects/runs_transformer_fractional/hard_D4_L160/T_small_mean/rmsprop/run_2/log.txt,/home/tahiti/Malashin_Projects/runs_transformer_fractional/hard_D4_L160/T_small_mean/rmsprop/run_2/initial_model.pt,/home/tahiti/Malashin_Projects/runs_transformer_fractional/hard_D4_L160/T_small_mean/rmsprop/run_2/best_model.pt,/home/tahiti/Malashin_Projects/runs_transformer_fractional/hard_D4_L160/T_small_mean/rmsprop/run_2/final_model.pt,True,True,True,True,True,10,10,0.1122221034394252,0.3425000011920929,1.9542029746373493,0.3424999999994998,0.2399177628845532,0.3540479036172231,0.1122221034394252,0.3425000011920929,1.9542029746373493,0.3424999999994998,0.2399177628845532,0.3540479036172231,0.1091043236318536,0.3461458384990692,1.901669069925944,1.1503501445114073,,49.16204843521118,491.6204843521118,195.3083032000337,10,0.112222,0.3425,1.954203,491.7
runs_fractional_focused_final,complete,True,hard_D4_L160,T_wide_mean,delayed_emb_mix_a08_lam015_warm3,delayed_emb_mix_a08_lam015_warm3,adamw,3,12000,160,19,10,150.64700317382812,160,192,6,3,768,0.1,mean,mix,embeddings,0.8,0.9,0.015,4.0,0.0003,0.01,,/home/tahiti/Malashin_Projects/runs_fractional_focused_final/hard_D4_L160/T_wide_mean/delayed_emb_mix_a08_lam015_warm3/run_3,/home/tahiti/Malashin_Projects/runs_fractional_focused_final/hard_D4_L160/T_wide_mean/delayed_emb_mix_a08_lam015_warm3/run_3/history.json,/home/tahiti/Malashin_Projects/runs_fractional_focused_final/hard_D4_L160/T_wide_mean/delayed_emb_mix_a08_lam015_warm3/run_3/log.txt,/home/tahiti/Malashin_Projects/runs_fractional_focused_final/hard_D4_L160/T_wide_mean/delayed_emb_mix_a08_lam015_warm3/run_3/initial_model.pt,/home/tahiti/Malashin_Projects/runs_fractional_focused_final/hard_D4_L160/T_wide_mean/delayed_emb_mix_a08_lam015_warm3/run_3/best_model.pt,/home/tahiti/Malashin_Projects/runs_fractional_focused_final/hard_D4_L160/T_wide_mean/delayed_emb_mix_a08_lam015_warm3/run_3/final_model.pt,True,True,True,True,True,10,6,0.1118200540358772,0.3304166793823242,1.9750710582733155,0.3304166666661665,0.2479425025555342,0.2510666275024414,0.0767746147164646,0.3466666638851166,1.9361456871032716,0.3466666666661665,0.2031564355491786,0.3315609423319499,0.1050401347640806,0.3386458456516266,1.9261606669425964,1.241817788746884,1.4,3.588354730606079,35.88354730606079,2912.3105585390376,6,0.11182,0.330417,1.975071,35.95
runs_fractional_scenarios,complete,True,hard_D4_L160,T_deep_mean,mixed_all_a08_lam050,mixed_all_a08_lam050,adamw,0,12000,160,19,10,150.64700317382812,160,128,4,5,512,0.15,mean,mix,all,0.8,0.9,0.5,1.0,0.0003,0.01,,/home/tahiti/Malashin_Projects/runs_fractional_scenarios/hard_D4_L160/T_deep_mean/mixed_all_a08_lam050/run_0,/home/tahiti/Malashin_Projects/runs_fractional_scenarios/hard_D4_L160/T_deep_mean/mixed_all_a08_lam050/run_0/history.json,/home/tahiti/Malashin_Projects/runs_fractional_scenarios/hard_D4_L160/T_deep_mean/mixed_all_a08_lam050/run_0/log.txt,/home/tahiti/Malashin_Projects/runs_fractional_scenarios/hard_D4_L160/T_deep_mean/mixed_all_a08_lam050/run_0/initial_model.pt,/home/tahiti/Malashin_Projects/runs_fractional_scenarios/hard_D4_L160/T_deep_mean/mixed_all_a08_lam050/run_0/best_model.pt,/home/tahiti/Malashin_Projects/runs_fractional_scenarios/hard_D4_L160/T_deep_mean/mixed_all_a08_lam050/run_0/final_model.pt,True,True,True,True,True,10,9,0.1104545003532798,0.3425000011920929,1.956519875526428,0.3424999999994998,0.2391226028110624,0.2870824225743612,0.095680322939097,0.3354166746139526,1.9563479661941527,0.3354166666661665,0.2339628885073147,0.277122844060262,0.0862703299921254,0.3402083218097687,1.9505520582199096,0.5810867226246461,66.0,6.203414583206177,62.03414583206177,1578.8511320277898,9,0.110455,0.3425,1.95652,62.09
runs_fractional_scenarios,complete,True,hard_D4_L160,T_small_mean,head_only_replace_a08,head_only_replace_a08,adamw,2,12000,160,19,10,150.64700317382812,160,96,4,2,256,0.1,mean,replace,head,0.8,0.9,1.0,1.0,0.0003,0.01,,/home/tahiti/Malashin_Projects/runs_fractional_scenarios/hard_D4_L160/T_small_mean/head_only_replace_a08/run_2,/home/tahiti/Malashin_Projects/runs_fractional_scenarios/hard_D4_L160/T_small_mean/head_only_replace_a08/run_2/history.json,/home/tahiti/Malashin_Projects/runs_fractional_scenarios/hard_D4_L160/T_small_mean/head_only_replace_a08/run_2/log.txt,/home/tahiti/Malashin_Projects/runs_fractional_scenarios/hard_D4_L160/T_small_mean/head_only_replace_a08/run_2/initial_model.pt,/home/tahiti/Malashin_Projects/runs_fractional_scenarios/hard_D4_L160/T_small_mean/head_only_replace_a08/run_2/best_model.pt,/home/tahiti/Malashin_Projects/runs_fractional_scenarios/hard_D4_L160/T_small_mean/head_only_replace_a08/run_2/final_model.pt,True,True,True,True,True,10,10,0.1079233631431787,0.3300000131130218,1.954669861793518,0.3299999999994998,0.2455337041658131,0.2842816893259684,0.1079233631431787,0.3300000131130218,1.954669861793518,0.3299999999994998,0.2455337041658131,0.2842816893259684,0.0963406965020331,0.3382291793823242,1.9421143651008608,0.4932750441325398,2.0,2.1346359729766844,21.34635972976685,7377.646675078077,10,0.107923,0.33,1.95467,21.37
runs_fractional_focused_final,complete,True,hard_D4_L160,T_deep_mean,emb_replace_a060,emb_replace_a060,adamw,3,12000,160,19,10,150.64700317382812,160,128,4,5,512,0.15,mean,replace,embeddings,0.6,0.9,1.0,1.0,0.0003,0.01,,/home/tahiti/Malashin_Projects/runs_fractional_focused_final/hard_D4_L160/T_deep_mean/emb_replace_a060/run_3,/home/tahiti/Malashin_Projects/runs_fractional_focused_final/hard_D4_L160/T_deep_mean/emb_replace_a060/run_3/history.json,/home/tahiti/Malashin_Projects/runs_fractional_focused_final/hard_D4_L160/T_deep_mean/emb_replace_a060/run_3/log.txt,/home/tahiti/Malashin_Projects/runs_fractional_focused_final/hard_D4_L160/T_deep_mean/emb_replace_a060/run_3/initial_model.pt,/home/tahiti/Malashin_Projects/runs_fractional_focused_final/hard_D4_L160/T_deep_mean/emb_replace_a060/run_3/best_model.pt,/home/tahiti/Malashin_Projects/runs_fractional_focused_final/hard_D4_L160/T_deep_mean/emb_replace_a060/run_3/final_model.pt,True,True,True,True,True,10,10,0.1077513247352362,0.3449999988079071,1.9328305912017825,0.3449999999994999,0.2468182114140797,0.2745080995559692,0.1077513247352362,0.3449999988079071,1.9328305912017825,0.3449999999994999,0.2468182114140797,0.2745080995559692,0.0899859726841656,0.3359375,1.9426582384109496,1.019514101271557,2.0,4.534741353988648,45.34741353988648,2269.256179970408,10,0.107751,0.345,1.932831,45.41
runs_fractional_hypothesis_v2,complete,True,hard_D4_L160,T_base_mean,baseline_adamw,baseline_adamw,adamw,1,12000,160,19,10,150.64700317382812,160,128,4,3,512,0.1,mean,none,none,,,0.0,,0.0003,0.01,,/home/tahiti/Malashin_Projects/runs_fractional_hypothesis_v2/hard_D4_L160/T_base_mean/baseline_adamw/run_1,/home/tahiti/Malashin_Projects/runs_fractional_hypothesis_v2/hard_D4_L160/T_base_mean/baseline_adamw/run_1/history.json,/home/tahiti/Malashin_Projects/runs_fractional_hypothesis_v2/hard_D4_L160/T_base_mean/baseline_adamw/run_1/log.txt,/home/tahiti/Malashin_Projects/runs_fractional_hypothesis_v2/hard_D4_L160/T_base_mean/baseline_adamw/run_1/initial_model.pt,/home/tahiti/Malashin_Projects/runs_fractional_hypothesis_v2/hard_D4_L160/T_base_mean/baseline_adamw/run_1/best_model.pt,/home/tahiti/Malashin_Projects/runs_fractional_hypothesis_v2/hard_D4_L160/T_base_mean/baseline_adamw/run_1/final_model.pt,True,True,True,True,True,10,6,0.1076615257185425,0.3391666710376739,1.9442023134231567,0.3391666666661665,0.2466434620243116,0.2804891141255696,0.0635195263603456,0.3491666615009308,1.9199646997451785,0.3491666666661665,0.2018291149163796,0.3483146254221598,0.0950349871548073,0.3339583277702331,1.9372942304611207,1.0296669212314276,0.0,4.039873433113098,40.39873433113098,2485.5642541165034,6,0.107662,0.339167,1.944202,40.43
runs_fractional_focused_final,complete,True,hard_D4_L160,T_base_cls,emb_mix_a08_lam010,emb_mix_a08_lam010,adamw,4,12000,160,19,10,150.64700317382812,160,128,4,3,512,0.1,cls,mix,embeddings,0.8,0.9,0.01,1.0,0.0003,0.01,,/home/tahiti/Malashin_Projects/runs_fractional_focused_final/hard_D4_L160/T_base_cls/emb_mix_a08_lam010/run_4,/home/tahiti/Malashin_Projects/runs_fractional_focused_final/hard_D4_L160/T_base_cls/emb_mix_a08_lam010/run_4/history.json,/home/tahiti/Malashin_Projects/runs_fractional_focused_final/hard_D4_L160/T_base_cls/emb_mix_a08_lam010/run_4/log.txt,/home/tahiti/Malashin_Projects/runs_fractional_focused_final/hard_D4_L160/T_base_cls/emb_mix_a08_lam010/run_4/initial_model.pt,/home/tahiti/Malashin_Projects/runs_fractional_focused_final/hard_D4_L160/T_base_cls/emb_mix_a08_lam010/run_4/best_model.pt,/home/tahiti/Malashin_Projects/runs_fractional_focused_final/hard_D4_L160/T_base_cls/emb_mix_a08_lam010/run_4/final_model.pt,True,True,True,True,True,10,10,0.1074097792056586,0.3429166674613952,1.961783046722412,0.3429166666661665,0.2380678292656785,0.3167222102483114,0.1074097792056586,0.3429166674613952,1.961783046722412,0.3429166666661665,0.2380678292656785,0.3167222102483114,0.1046711043846331,0.3407291769981384,1.9332323050498963,0.9660187334224852,2.0,3.020149254798889,30.20149254798889,3493.5663287746365,10,0.10741,0.342917,1.961783,30.26
runs_fractional_hypothesis_v2,complete,True,hard_D4_L160,T_base_cls,emb_replace_a07,emb_replace_a07,adamw,2,12000,160,19,10,150.64700317382812,160,128,4,3,512,0.1,cls,replace,embeddings,0.7,0.9,1.0,1.0,0.0003,0.01,,/home/tahiti/Malashin_Projects/runs_fractional_hypothesis_v2/hard_D4_L160/T_base_cls/emb_replace_a07/run_2,/home/tahiti/Malashin_Projects/runs_fractional_hypothesis_v2/hard_D4_L160/T_base_cls/emb_replace_a07/run_2/history.json,/home/tahiti/Malashin_Projects/runs_fractional_hypothesis_v2/hard_D4_L160/T_base_cls/emb_replace_a07/run_2/log.txt,/home/tahiti/Malashin_Projects/runs_fractional_hypothesis_v2/hard_D4_L160/T_base_cls/emb_replace_a07/run_2/initial_model.pt,/home/tahiti/Malashin_Projects/runs_fractional_hypothesis_v2/hard_D4_L160/T_base_cls/emb_replace_a07/run_2/best_model.pt,/home/tahiti/Malashin_Projects/runs_fractional_hypothesis_v2/hard_D4_L160/T_base_cls/emb_replace_a07/run_2/final_model.pt,True,True,True,True,True,10,10,0.1073397171051754,0.3520833253860473,1.9002761125564576,0.3520833333328332,0.2459172268222031,0.3232181453704834,0.1073397171051754,0.3520833253860473,1.9002761125564576,0.3520833333328332,0.2459172268222031,0.3232181453704834,0.1080920468141226,0.3402083218097687,1.9389051461219788,0.9543421646141652,2.0,3.9525091886520394,39.52509188652039,2566.7253087521053,10,0.10734,0.352083,1.900276,39.57
runs_fractional_scenarios,complete,True,hard_D4_L160,T_base_mean,mixed_all_a08_lam025,mixed_all_a08_lam025,adamw,1,12000,160,19,10,150.64700317382812,160,128,4,3,512,0.1,mean,mix,all,0.8,0.9,0.25,1.0,0.0003,0.01,,/home/tahiti/Malashin_Projects/runs_fractional_scenarios/hard_D4_L160/T_base_mean/mixed_all_a08_lam025/run_1,/home/tahiti/Malashin_Projects/runs_fractional_scenarios/hard_D4_L160/T_base_mean/mixed_all_a08_lam025/run_1/history.json,/home/tahiti/Malashin_Projects/runs_fractional_scenarios/hard_D4_L160/T_base_mean/mixed_all_a08_lam025/run_1/log.txt,/home/tahiti/Malashin_Projects/runs_fractional_scenarios/hard_D4_L160/T_base_mean/mixed_all_a08_lam025/run_1/initial_model.pt,/home/tahiti/Malashin_Projects/runs_fractional_scenarios/hard_D4_L160/T_base_mean/mixed_all_a08_lam025/run_1/best_model.pt,/home/tahiti/Malashin_Projects/runs_fractional_scenarios/hard_D4_L160/T_base_mean/mixed_all_a08_lam025/run_1/final_model.pt,True,True,True,True,True,10,10,0.103090360851609,0.3391666710376739,1.955447382926941,0.3391666666661665,0.2300295595463653,0.3235217539469401,0.103090360851609,0.3391666710376739,1.955447382926941,0.3391666666661665,0.2300295595463653,0.3235217539469401,0.1021437620938336,0.3423958420753479,1.9199032187461853,0.7920237466931486,42.0,3.856345009803772,38.56345009803772,2650.589502907923,10,0.10309,0.339167,1.955447,38.61
runs_fractional_hypothesis_v2,complete,True,hard_D4_L160,T_deep_mean,emb_mix_a08_lam010,emb_mix_a08_lam010,adamw,0,12000,160,19,10,150.64700317382812,160,128,4,5,512,0.15,mean,mix,embeddings,0.8,0.9,0.1,1.0,0.0003,0.01,,/home/tahiti/Malashin_Projects/runs_fractional_hypothesis_v2/hard_D4_L160/T_deep_mean/emb_mix_a08_lam010/run_0,/home/tahiti/Malashin_Projects/runs_fractional_hypothesis_v2/hard_D4_L160/T_deep_mean/emb_mix_a08_lam010/run_0/history.json,/home/tahiti/Malashin_Projects/runs_fractional_hypothesis_v2/hard_D4_L160/T_deep_mean/emb_mix_a08_lam010/run_0/log.txt,/home/tahiti/Malashin_Projects/runs_fractional_hypothesis_v2/hard_D4_L160/T_deep_mean/emb_mix_a08_lam010/run_0/initial_model.pt,/home/tahiti/Malashin_Projects/runs_fractional_hypothesis_v2/hard_D4_L160/T_deep_mean/emb_mix_a08_lam010/run_0/best_model.pt,/home/tahiti/Malashin_Projects/runs_fractional_hypothesis_v2/hard_D4_L160/T_deep_mean/emb_mix_a08_lam010/run_0/final_model.pt,True,True,True,True,True,10,9,0.102327707575851,0.3416666686534881,1.934779357910156,0.3416666666661666,0.2393353434679652,0.2670678949356079,0.0779091242949533,0.3466666638851166,1.9086008882522585,0.3466666666661665,0.2075764069729302,0.3629155460993449,0.0879462895952671,0.3390625119209289,1.9418606185913083,1.0200563520416852,2.0,6.076698613166809,60.76698613166809,1616.1022810304516,9,0.102328,0.341667,1.934779,60.83
runs_transformer_fractional,complete,True,hard_D4_L160,T_base_mean,adamw_frac_a08,adamw_frac_a08,adamw,2,12000,160,19,10,150.64700317382812,160,128,4,3,512,0.1,mean,,,0.8,0.9,,,0.0003,0.01,1.0,/home/tahiti/Malashin_Projects/runs_transformer_fractional/hard_D4_L160/T_base_mean/adamw_frac_a08/run_2,/home/tahiti/Malashin_Projects/runs_transformer_fractional/hard_D4_L160/T_base_mean/adamw_frac_a08/run_2/history.json,/home/tahiti/Malashin_Projects/runs_transformer_fractional/hard_D4_L160/T_base_mean/adamw_frac_a08/run_2/log.txt,/home/tahiti/Malashin_Projects/runs_transformer_fractional/hard_D4_L160/T_base_mean/adamw_frac_a08/run_2/initial_model.pt,/home/tahiti/Malashin_Projects/runs_transformer_fractional/hard_D4_L160/T_base_mean/adamw_frac_a08/run_2/best_model.pt,/home/tahiti/Malashin_Projects/runs_transformer_fractional/hard_D4_L160/T_base_mean/adamw_frac_a08/run_2/final_model.pt,True,True,True,True,True,10,10,0.1019583949675687,0.3366666734218597,1.9573253695170083,0.3366666666661665,0.2410429400312949,0.2746989039580027,0.1019583949675687,0.3366666734218597,1.9573253695170083,0.3366666666661665,0.2410429400312949,0.2746989039580027,0.0781308540592692,0.336041659116745,1.9748523275057477,0.6526899175158147,,104.36462194919586,1043.6462194919586,92.0303248188259,10,0.101958,0.336667,1.957325,1043.91
runs_transformer_fractional,complete,True,hard_D4_L160,T_deep_mean,adamw,adamw,adamw,2,12000,160,19,10,150.64700317382812,160,128,4,5,512,0.15,mean,,,,,,,0.0003,0.01,0.0,/home/tahiti/Malashin_Projects/runs_transformer_fractional/hard_D4_L160/T_deep_mean/adamw/run_2,/home/tahiti/Malashin_Projects/runs_transformer_fractional/hard_D4_L160/T_deep_mean/adamw/run_2/history.json,/home/tahiti/Malashin_Projects/runs_transformer_fractional/hard_D4_L160/T_deep_mean/adamw/run_2/log.txt,/home/tahiti/Malashin_Projects/runs_transformer_fractional/hard_D4_L160/T_deep_mean/adamw/run_2/initial_model.pt,/home/tahiti/Malashin_Projects/runs_transformer_fractional/hard_D4_L160/T_deep_mean/adamw/run_2/best_model.pt,/home/tahiti/Malashin_Projects/runs_transformer_fractional/hard_D4_L160/T_deep_mean/adamw/run_2/final_model.pt,True,True,True,True,True,10,6,0.0985964901243603,0.3245833218097687,1.9615083233515425,0.3245833333328332,0.2304557569077315,0.2655336352189382,0.0840295766378994,0.3320833444595337,1.9404647286732992,0.3320833333328332,0.2076402062585068,0.342715513308843,0.0974903257267212,0.3444791734218597,1.9159476232528687,1.4875916573904169,,178.54980080127717,1785.4980080127716,53.769988192035385,6,0.098596,0.324583,1.961508,1785.83
