status,model_name,model_family,model_dir,scenario_id,scenario_name,method,trainable_scope,target,alpha,fractional_mode,mix_lambda,seed,gpu_id,train_time_sec,out_dir,checkpoint_dir,all_params,trainable_params,trainable_preview,target_preview,before_retain_em_acc,before_forget_em_acc,before_retain_answer_nll,before_forget_answer_nll,before_general_ppl,after_retain_em_acc,after_forget_em_acc,after_retain_answer_nll,after_forget_answer_nll,after_general_ppl,delta_retain_em_acc,delta_forget_em_acc,delta_retain_nll,delta_forget_nll,delta_general_ppl,unlearning_score_simple
done,distilgpt2,gpt2,/home/user/fractional_unlearning/hf_llm_models/distilgpt2,A1,retain_kd_only,retain_kd_only,lora_only,none,,none,0.0,42,0,1.4841561317443848,/home/user/fractional_unlearning/llm_valence_fractional_poc_v3_all_except_qwen/runs/distilgpt2/A1_retain_kd_only_seed42,/home/user/fractional_unlearning/llm_valence_fractional_poc_v3_all_except_qwen/runs/distilgpt2/A1_retain_kd_only_seed42/model_adapter,82318080,405504,base_model.model.transformer.h.0.attn.c_attn.lora_A.default.weight; base_model.model.transformer.h.0.attn.c_attn.lora_B.default.weight; base_model.model.transformer.h.0.attn.c_proj.lora_A.default.weight; base_model.model.transformer.h.0.attn.c_proj.lora_B.default.weight; base_model.model.transformer.h.0.mlp.c_proj.lora_A.default.weight; base_model.model.transformer.h.0.mlp.c_proj.lora_B.default.weight; base_model.model.transformer.h.1.attn.c_attn.lora_A.default.weight; base_model.model.transformer.h.1.attn.c_attn.lora_B.default.weight; base_model.model.transformer.h.1.attn.c_proj.lora_A.default.weight; base_model.model.transformer.h.1.attn.c_proj.lora_B.default.weight; base_model.model.transformer.h.1.mlp.c_proj.lora_A.default.weight; base_model.model.transformer.h.1.mlp.c_proj.lora_B.default.weight; base_model.model.transformer.h.2.attn.c_attn.lora_A.default.weight; base_model.model.transformer.h.2.attn.c_attn.lora_B.default.weight; base_model.model.transformer.h.2.attn.c_proj.lora_A.default.weight; base_model.model.transformer.h.2.attn.c_proj.lora_B.default.weight; base_model.model.transformer.h.2.mlp.c_proj.lora_A.default.weight; base_model.model.transformer.h.2.mlp.c_proj.lora_B.default.weight; base_model.model.transformer.h.3.attn.c_attn.lora_A.default.weight; base_model.model.transformer.h.3.attn.c_attn.lora_B.default.weight; base_model.model.transformer.h.3.attn.c_proj.lora_A.default.weight; base_model.model.transformer.h.3.attn.c_proj.lora_B.default.weight; base_model.model.transformer.h.3.mlp.c_proj.lora_A.default.weight; base_model.model.transformer.h.3.mlp.c_proj.lora_B.default.weight; base_model.model.transformer.h.4.attn.c_attn.lora_A.default.weight; base_model.model.transformer.h.4.attn.c_attn.lora_B.default.weight; base_model.model.transformer.h.4.attn.c_proj.lora_A.default.weight; base_model.model.transformer.h.4.attn.c_proj.lora_B.default.weight; base_model.model.transformer.h.4.mlp.c_proj.lora_A.default.weight; base_model.model.transformer.h.4.mlp.c_proj.lora_B.default.weight,,0.4,0.5333333333333333,0.1676141433417797,0.12624471448361874,1.1921678393565849,0.5666666666666667,0.43333333333333335,0.12445077858865261,0.13661453314125538,1.181574207902721,0.16666666666666663,-0.09999999999999998,-0.0431633647531271,0.010369818657636642,-0.010593631453863939,0.3833333333333333
done,distilgpt2,gpt2,/home/user/fractional_unlearning/hf_llm_models/distilgpt2,A2,forget_gradient_ascent,gradient_ascent,lora_only,none,,none,0.0,42,0,1.8229150772094727,/home/user/fractional_unlearning/llm_valence_fractional_poc_v3_all_except_qwen/runs/distilgpt2/A2_forget_gradient_ascent_seed42,/home/user/fractional_unlearning/llm_valence_fractional_poc_v3_all_except_qwen/runs/distilgpt2/A2_forget_gradient_ascent_seed42/model_adapter,82318080,405504,base_model.model.transformer.h.0.attn.c_attn.lora_A.default.weight; base_model.model.transformer.h.0.attn.c_attn.lora_B.default.weight; base_model.model.transformer.h.0.attn.c_proj.lora_A.default.weight; base_model.model.transformer.h.0.attn.c_proj.lora_B.default.weight; base_model.model.transformer.h.0.mlp.c_proj.lora_A.default.weight; base_model.model.transformer.h.0.mlp.c_proj.lora_B.default.weight; base_model.model.transformer.h.1.attn.c_attn.lora_A.default.weight; base_model.model.transformer.h.1.attn.c_attn.lora_B.default.weight; base_model.model.transformer.h.1.attn.c_proj.lora_A.default.weight; base_model.model.transformer.h.1.attn.c_proj.lora_B.default.weight; base_model.model.transformer.h.1.mlp.c_proj.lora_A.default.weight; base_model.model.transformer.h.1.mlp.c_proj.lora_B.default.weight; base_model.model.transformer.h.2.attn.c_attn.lora_A.default.weight; base_model.model.transformer.h.2.attn.c_attn.lora_B.default.weight; base_model.model.transformer.h.2.attn.c_proj.lora_A.default.weight; base_model.model.transformer.h.2.attn.c_proj.lora_B.default.weight; base_model.model.transformer.h.2.mlp.c_proj.lora_A.default.weight; base_model.model.transformer.h.2.mlp.c_proj.lora_B.default.weight; base_model.model.transformer.h.3.attn.c_attn.lora_A.default.weight; base_model.model.transformer.h.3.attn.c_attn.lora_B.default.weight; base_model.model.transformer.h.3.attn.c_proj.lora_A.default.weight; base_model.model.transformer.h.3.attn.c_proj.lora_B.default.weight; base_model.model.transformer.h.3.mlp.c_proj.lora_A.default.weight; base_model.model.transformer.h.3.mlp.c_proj.lora_B.default.weight; base_model.model.transformer.h.4.attn.c_attn.lora_A.default.weight; base_model.model.transformer.h.4.attn.c_attn.lora_B.default.weight; base_model.model.transformer.h.4.attn.c_proj.lora_A.default.weight; base_model.model.transformer.h.4.attn.c_proj.lora_B.default.weight; base_model.model.transformer.h.4.mlp.c_proj.lora_A.default.weight; base_model.model.transformer.h.4.mlp.c_proj.lora_B.default.weight,,0.4,0.5333333333333333,0.1676141433417797,0.12624471448361874,1.1921678393565849,0.5666666666666667,0.3333333333333333,0.12939962558448315,0.16208721697330475,1.1823304429694048,0.16666666666666663,-0.2,-0.03821451775729656,0.03584250248968601,-0.009837396387180064,0.48333333333333334
done,distilgpt2,gpt2,/home/user/fractional_unlearning/hf_llm_models/distilgpt2,A3,forget_uniform_target,uniform_target,lora_only,none,,none,0.0,42,0,1.932382345199585,/home/user/fractional_unlearning/llm_valence_fractional_poc_v3_all_except_qwen/runs/distilgpt2/A3_forget_uniform_target_seed42,/home/user/fractional_unlearning/llm_valence_fractional_poc_v3_all_except_qwen/runs/distilgpt2/A3_forget_uniform_target_seed42/model_adapter,82318080,405504,base_model.model.transformer.h.0.attn.c_attn.lora_A.default.weight; base_model.model.transformer.h.0.attn.c_attn.lora_B.default.weight; base_model.model.transformer.h.0.attn.c_proj.lora_A.default.weight; base_model.model.transformer.h.0.attn.c_proj.lora_B.default.weight; base_model.model.transformer.h.0.mlp.c_proj.lora_A.default.weight; base_model.model.transformer.h.0.mlp.c_proj.lora_B.default.weight; base_model.model.transformer.h.1.attn.c_attn.lora_A.default.weight; base_model.model.transformer.h.1.attn.c_attn.lora_B.default.weight; base_model.model.transformer.h.1.attn.c_proj.lora_A.default.weight; base_model.model.transformer.h.1.attn.c_proj.lora_B.default.weight; base_model.model.transformer.h.1.mlp.c_proj.lora_A.default.weight; base_model.model.transformer.h.1.mlp.c_proj.lora_B.default.weight; base_model.model.transformer.h.2.attn.c_attn.lora_A.default.weight; base_model.model.transformer.h.2.attn.c_attn.lora_B.default.weight; base_model.model.transformer.h.2.attn.c_proj.lora_A.default.weight; base_model.model.transformer.h.2.attn.c_proj.lora_B.default.weight; base_model.model.transformer.h.2.mlp.c_proj.lora_A.default.weight; base_model.model.transformer.h.2.mlp.c_proj.lora_B.default.weight; base_model.model.transformer.h.3.attn.c_attn.lora_A.default.weight; base_model.model.transformer.h.3.attn.c_attn.lora_B.default.weight; base_model.model.transformer.h.3.attn.c_proj.lora_A.default.weight; base_model.model.transformer.h.3.attn.c_proj.lora_B.default.weight; base_model.model.transformer.h.3.mlp.c_proj.lora_A.default.weight; base_model.model.transformer.h.3.mlp.c_proj.lora_B.default.weight; base_model.model.transformer.h.4.attn.c_attn.lora_A.default.weight; base_model.model.transformer.h.4.attn.c_attn.lora_B.default.weight; base_model.model.transformer.h.4.attn.c_proj.lora_A.default.weight; base_model.model.transformer.h.4.attn.c_proj.lora_B.default.weight; base_model.model.transformer.h.4.mlp.c_proj.lora_A.default.weight; base_model.model.transformer.h.4.mlp.c_proj.lora_B.default.weight,,0.4,0.5333333333333333,0.1676141433417797,0.12624471448361874,1.1921678393565849,0.4,0.5,0.22188065946102142,0.20643137395381927,1.2032218585427898,0.0,-0.033333333333333326,0.054266516119241714,0.08018665947020054,0.011054019186204966,0.2332227931414713
done,distilgpt2,gpt2,/home/user/fractional_unlearning/hf_llm_models/distilgpt2,B1,valence_frac_lora_a050,valence_fractional,lora_only,lora,0.5,replace,1.0,42,0,1.770911455154419,/home/user/fractional_unlearning/llm_valence_fractional_poc_v3_all_except_qwen/runs/distilgpt2/B1_valence_frac_lora_a050_seed42,/home/user/fractional_unlearning/llm_valence_fractional_poc_v3_all_except_qwen/runs/distilgpt2/B1_valence_frac_lora_a050_seed42/model_adapter,82318080,405504,base_model.model.transformer.h.0.attn.c_attn.lora_A.default.weight; base_model.model.transformer.h.0.attn.c_attn.lora_B.default.weight; base_model.model.transformer.h.0.attn.c_proj.lora_A.default.weight; base_model.model.transformer.h.0.attn.c_proj.lora_B.default.weight; base_model.model.transformer.h.0.mlp.c_proj.lora_A.default.weight; base_model.model.transformer.h.0.mlp.c_proj.lora_B.default.weight; base_model.model.transformer.h.1.attn.c_attn.lora_A.default.weight; base_model.model.transformer.h.1.attn.c_attn.lora_B.default.weight; base_model.model.transformer.h.1.attn.c_proj.lora_A.default.weight; base_model.model.transformer.h.1.attn.c_proj.lora_B.default.weight; base_model.model.transformer.h.1.mlp.c_proj.lora_A.default.weight; base_model.model.transformer.h.1.mlp.c_proj.lora_B.default.weight; base_model.model.transformer.h.2.attn.c_attn.lora_A.default.weight; base_model.model.transformer.h.2.attn.c_attn.lora_B.default.weight; base_model.model.transformer.h.2.attn.c_proj.lora_A.default.weight; base_model.model.transformer.h.2.attn.c_proj.lora_B.default.weight; base_model.model.transformer.h.2.mlp.c_proj.lora_A.default.weight; base_model.model.transformer.h.2.mlp.c_proj.lora_B.default.weight; base_model.model.transformer.h.3.attn.c_attn.lora_A.default.weight; base_model.model.transformer.h.3.attn.c_attn.lora_B.default.weight; base_model.model.transformer.h.3.attn.c_proj.lora_A.default.weight; base_model.model.transformer.h.3.attn.c_proj.lora_B.default.weight; base_model.model.transformer.h.3.mlp.c_proj.lora_A.default.weight; base_model.model.transformer.h.3.mlp.c_proj.lora_B.default.weight; base_model.model.transformer.h.4.attn.c_attn.lora_A.default.weight; base_model.model.transformer.h.4.attn.c_attn.lora_B.default.weight; base_model.model.transformer.h.4.attn.c_proj.lora_A.default.weight; base_model.model.transformer.h.4.attn.c_proj.lora_B.default.weight; base_model.model.transformer.h.4.mlp.c_proj.lora_A.default.weight; base_model.model.transformer.h.4.mlp.c_proj.lora_B.default.weight,base_model.model.transformer.h.0.attn.c_attn.lora_A.default.weight; base_model.model.transformer.h.0.attn.c_attn.lora_B.default.weight; base_model.model.transformer.h.0.attn.c_proj.lora_A.default.weight; base_model.model.transformer.h.0.attn.c_proj.lora_B.default.weight; base_model.model.transformer.h.0.mlp.c_proj.lora_A.default.weight; base_model.model.transformer.h.0.mlp.c_proj.lora_B.default.weight; base_model.model.transformer.h.1.attn.c_attn.lora_A.default.weight; base_model.model.transformer.h.1.attn.c_attn.lora_B.default.weight; base_model.model.transformer.h.1.attn.c_proj.lora_A.default.weight; base_model.model.transformer.h.1.attn.c_proj.lora_B.default.weight; base_model.model.transformer.h.1.mlp.c_proj.lora_A.default.weight; base_model.model.transformer.h.1.mlp.c_proj.lora_B.default.weight; base_model.model.transformer.h.2.attn.c_attn.lora_A.default.weight; base_model.model.transformer.h.2.attn.c_attn.lora_B.default.weight; base_model.model.transformer.h.2.attn.c_proj.lora_A.default.weight; base_model.model.transformer.h.2.attn.c_proj.lora_B.default.weight; base_model.model.transformer.h.2.mlp.c_proj.lora_A.default.weight; base_model.model.transformer.h.2.mlp.c_proj.lora_B.default.weight; base_model.model.transformer.h.3.attn.c_attn.lora_A.default.weight; base_model.model.transformer.h.3.attn.c_attn.lora_B.default.weight; base_model.model.transformer.h.3.attn.c_proj.lora_A.default.weight; base_model.model.transformer.h.3.attn.c_proj.lora_B.default.weight; base_model.model.transformer.h.3.mlp.c_proj.lora_A.default.weight; base_model.model.transformer.h.3.mlp.c_proj.lora_B.default.weight; base_model.model.transformer.h.4.attn.c_attn.lora_A.default.weight; base_model.model.transformer.h.4.attn.c_attn.lora_B.default.weight; base_model.model.transformer.h.4.attn.c_proj.lora_A.default.weight; base_model.model.transformer.h.4.attn.c_proj.lora_B.default.weight; base_model.model.transformer.h.4.mlp.c_proj.lora_A.default.weight; base_model.model.transformer.h.4.mlp.c_proj.lora_B.default.weight,0.4,0.5333333333333333,0.1676141433417797,0.12624471448361874,1.1921678393565849,0.5333333333333333,0.43333333333333335,0.12512155435979366,0.14717870950698853,1.1809816182944397,0.1333333333333333,-0.09999999999999998,-0.042492588981986046,0.02093399502336979,-0.011186221062145174,0.36666666666666664
done,distilgpt2,gpt2,/home/user/fractional_unlearning/hf_llm_models/distilgpt2,B4,valence_frac_lora_mix_a050_lam010,valence_fractional,lora_only,lora,0.5,mix,0.01,42,0,1.9280011653900146,/home/user/fractional_unlearning/llm_valence_fractional_poc_v3_all_except_qwen/runs/distilgpt2/B4_valence_frac_lora_mix_a050_lam010_seed42,/home/user/fractional_unlearning/llm_valence_fractional_poc_v3_all_except_qwen/runs/distilgpt2/B4_valence_frac_lora_mix_a050_lam010_seed42/model_adapter,82318080,405504,base_model.model.transformer.h.0.attn.c_attn.lora_A.default.weight; base_model.model.transformer.h.0.attn.c_attn.lora_B.default.weight; base_model.model.transformer.h.0.attn.c_proj.lora_A.default.weight; base_model.model.transformer.h.0.attn.c_proj.lora_B.default.weight; base_model.model.transformer.h.0.mlp.c_proj.lora_A.default.weight; base_model.model.transformer.h.0.mlp.c_proj.lora_B.default.weight; base_model.model.transformer.h.1.attn.c_attn.lora_A.default.weight; base_model.model.transformer.h.1.attn.c_attn.lora_B.default.weight; base_model.model.transformer.h.1.attn.c_proj.lora_A.default.weight; base_model.model.transformer.h.1.attn.c_proj.lora_B.default.weight; base_model.model.transformer.h.1.mlp.c_proj.lora_A.default.weight; base_model.model.transformer.h.1.mlp.c_proj.lora_B.default.weight; base_model.model.transformer.h.2.attn.c_attn.lora_A.default.weight; base_model.model.transformer.h.2.attn.c_attn.lora_B.default.weight; base_model.model.transformer.h.2.attn.c_proj.lora_A.default.weight; base_model.model.transformer.h.2.attn.c_proj.lora_B.default.weight; base_model.model.transformer.h.2.mlp.c_proj.lora_A.default.weight; base_model.model.transformer.h.2.mlp.c_proj.lora_B.default.weight; base_model.model.transformer.h.3.attn.c_attn.lora_A.default.weight; base_model.model.transformer.h.3.attn.c_attn.lora_B.default.weight; base_model.model.transformer.h.3.attn.c_proj.lora_A.default.weight; base_model.model.transformer.h.3.attn.c_proj.lora_B.default.weight; base_model.model.transformer.h.3.mlp.c_proj.lora_A.default.weight; base_model.model.transformer.h.3.mlp.c_proj.lora_B.default.weight; base_model.model.transformer.h.4.attn.c_attn.lora_A.default.weight; base_model.model.transformer.h.4.attn.c_attn.lora_B.default.weight; base_model.model.transformer.h.4.attn.c_proj.lora_A.default.weight; base_model.model.transformer.h.4.attn.c_proj.lora_B.default.weight; base_model.model.transformer.h.4.mlp.c_proj.lora_A.default.weight; base_model.model.transformer.h.4.mlp.c_proj.lora_B.default.weight,base_model.model.transformer.h.0.attn.c_attn.lora_A.default.weight; base_model.model.transformer.h.0.attn.c_attn.lora_B.default.weight; base_model.model.transformer.h.0.attn.c_proj.lora_A.default.weight; base_model.model.transformer.h.0.attn.c_proj.lora_B.default.weight; base_model.model.transformer.h.0.mlp.c_proj.lora_A.default.weight; base_model.model.transformer.h.0.mlp.c_proj.lora_B.default.weight; base_model.model.transformer.h.1.attn.c_attn.lora_A.default.weight; base_model.model.transformer.h.1.attn.c_attn.lora_B.default.weight; base_model.model.transformer.h.1.attn.c_proj.lora_A.default.weight; base_model.model.transformer.h.1.attn.c_proj.lora_B.default.weight; base_model.model.transformer.h.1.mlp.c_proj.lora_A.default.weight; base_model.model.transformer.h.1.mlp.c_proj.lora_B.default.weight; base_model.model.transformer.h.2.attn.c_attn.lora_A.default.weight; base_model.model.transformer.h.2.attn.c_attn.lora_B.default.weight; base_model.model.transformer.h.2.attn.c_proj.lora_A.default.weight; base_model.model.transformer.h.2.attn.c_proj.lora_B.default.weight; base_model.model.transformer.h.2.mlp.c_proj.lora_A.default.weight; base_model.model.transformer.h.2.mlp.c_proj.lora_B.default.weight; base_model.model.transformer.h.3.attn.c_attn.lora_A.default.weight; base_model.model.transformer.h.3.attn.c_attn.lora_B.default.weight; base_model.model.transformer.h.3.attn.c_proj.lora_A.default.weight; base_model.model.transformer.h.3.attn.c_proj.lora_B.default.weight; base_model.model.transformer.h.3.mlp.c_proj.lora_A.default.weight; base_model.model.transformer.h.3.mlp.c_proj.lora_B.default.weight; base_model.model.transformer.h.4.attn.c_attn.lora_A.default.weight; base_model.model.transformer.h.4.attn.c_attn.lora_B.default.weight; base_model.model.transformer.h.4.attn.c_proj.lora_A.default.weight; base_model.model.transformer.h.4.attn.c_proj.lora_B.default.weight; base_model.model.transformer.h.4.mlp.c_proj.lora_A.default.weight; base_model.model.transformer.h.4.mlp.c_proj.lora_B.default.weight,0.4,0.5333333333333333,0.1676141433417797,0.12624471448361874,1.1921678393565849,0.5,0.4,0.1286550685763359,0.15527686849236488,1.182072361622279,0.09999999999999998,-0.1333333333333333,-0.0389590747654438,0.029032154008746147,-0.010095477734305858,0.3833333333333333
done,distilgpt2,gpt2,/home/user/fractional_unlearning/hf_llm_models/distilgpt2,C4,valence_frac_all_a050,valence_fractional,all,all,0.5,replace,1.0,42,0,0.7441551685333252,/home/user/fractional_unlearning/llm_valence_fractional_poc_v3_all_except_qwen/runs/distilgpt2/C4_valence_frac_all_a050_seed42,/home/user/fractional_unlearning/llm_valence_fractional_poc_v3_all_except_qwen/runs/distilgpt2/C4_valence_frac_all_a050_seed42/model_adapter,82318080,82318080,base_model.model.transformer.wte.weight; base_model.model.transformer.wpe.weight; base_model.model.transformer.h.0.ln_1.weight; base_model.model.transformer.h.0.ln_1.bias; base_model.model.transformer.h.0.attn.c_attn.base_layer.weight; base_model.model.transformer.h.0.attn.c_attn.base_layer.bias; base_model.model.transformer.h.0.attn.c_attn.lora_A.default.weight; base_model.model.transformer.h.0.attn.c_attn.lora_B.default.weight; base_model.model.transformer.h.0.attn.c_proj.base_layer.weight; base_model.model.transformer.h.0.attn.c_proj.base_layer.bias; base_model.model.transformer.h.0.attn.c_proj.lora_A.default.weight; base_model.model.transformer.h.0.attn.c_proj.lora_B.default.weight; base_model.model.transformer.h.0.ln_2.weight; base_model.model.transformer.h.0.ln_2.bias; base_model.model.transformer.h.0.mlp.c_fc.weight; base_model.model.transformer.h.0.mlp.c_fc.bias; base_model.model.transformer.h.0.mlp.c_proj.base_layer.weight; base_model.model.transformer.h.0.mlp.c_proj.base_layer.bias; base_model.model.transformer.h.0.mlp.c_proj.lora_A.default.weight; base_model.model.transformer.h.0.mlp.c_proj.lora_B.default.weight; base_model.model.transformer.h.1.ln_1.weight; base_model.model.transformer.h.1.ln_1.bias; base_model.model.transformer.h.1.attn.c_attn.base_layer.weight; base_model.model.transformer.h.1.attn.c_attn.base_layer.bias; base_model.model.transformer.h.1.attn.c_attn.lora_A.default.weight; base_model.model.transformer.h.1.attn.c_attn.lora_B.default.weight; base_model.model.transformer.h.1.attn.c_proj.base_layer.weight; base_model.model.transformer.h.1.attn.c_proj.base_layer.bias; base_model.model.transformer.h.1.attn.c_proj.lora_A.default.weight; base_model.model.transformer.h.1.attn.c_proj.lora_B.default.weight,base_model.model.transformer.wte.weight; base_model.model.transformer.wpe.weight; base_model.model.transformer.h.0.ln_1.weight; base_model.model.transformer.h.0.ln_1.bias; base_model.model.transformer.h.0.attn.c_attn.base_layer.weight; base_model.model.transformer.h.0.attn.c_attn.base_layer.bias; base_model.model.transformer.h.0.attn.c_attn.lora_A.default.weight; base_model.model.transformer.h.0.attn.c_attn.lora_B.default.weight; base_model.model.transformer.h.0.attn.c_proj.base_layer.weight; base_model.model.transformer.h.0.attn.c_proj.base_layer.bias; base_model.model.transformer.h.0.attn.c_proj.lora_A.default.weight; base_model.model.transformer.h.0.attn.c_proj.lora_B.default.weight; base_model.model.transformer.h.0.ln_2.weight; base_model.model.transformer.h.0.ln_2.bias; base_model.model.transformer.h.0.mlp.c_fc.weight; base_model.model.transformer.h.0.mlp.c_fc.bias; base_model.model.transformer.h.0.mlp.c_proj.base_layer.weight; base_model.model.transformer.h.0.mlp.c_proj.base_layer.bias; base_model.model.transformer.h.0.mlp.c_proj.lora_A.default.weight; base_model.model.transformer.h.0.mlp.c_proj.lora_B.default.weight; base_model.model.transformer.h.1.ln_1.weight; base_model.model.transformer.h.1.ln_1.bias; base_model.model.transformer.h.1.attn.c_attn.base_layer.weight; base_model.model.transformer.h.1.attn.c_attn.base_layer.bias; base_model.model.transformer.h.1.attn.c_attn.lora_A.default.weight; base_model.model.transformer.h.1.attn.c_attn.lora_B.default.weight; base_model.model.transformer.h.1.attn.c_proj.base_layer.weight; base_model.model.transformer.h.1.attn.c_proj.base_layer.bias; base_model.model.transformer.h.1.attn.c_proj.lora_A.default.weight; base_model.model.transformer.h.1.attn.c_proj.lora_B.default.weight,0.4,0.5333333333333333,0.1676141433417797,0.12624471448361874,1.1921678393565849,0.0,0.0,,,,-0.4,-0.5333333333333333,,,,
done,gpt2,gpt2,/home/user/fractional_unlearning/hf_llm_models/gpt2,A1,retain_kd_only,retain_kd_only,lora_only,none,,none,0.0,42,0,2.0998666286468506,/home/user/fractional_unlearning/llm_valence_fractional_poc_v3_all_except_qwen/runs/gpt2/A1_retain_kd_only_seed42,/home/user/fractional_unlearning/llm_valence_fractional_poc_v3_all_except_qwen/runs/gpt2/A1_retain_kd_only_seed42/model_adapter,125250816,811008,base_model.model.transformer.h.0.attn.c_attn.lora_A.default.weight; base_model.model.transformer.h.0.attn.c_attn.lora_B.default.weight; base_model.model.transformer.h.0.attn.c_proj.lora_A.default.weight; base_model.model.transformer.h.0.attn.c_proj.lora_B.default.weight; base_model.model.transformer.h.0.mlp.c_proj.lora_A.default.weight; base_model.model.transformer.h.0.mlp.c_proj.lora_B.default.weight; base_model.model.transformer.h.1.attn.c_attn.lora_A.default.weight; base_model.model.transformer.h.1.attn.c_attn.lora_B.default.weight; base_model.model.transformer.h.1.attn.c_proj.lora_A.default.weight; base_model.model.transformer.h.1.attn.c_proj.lora_B.default.weight; base_model.model.transformer.h.1.mlp.c_proj.lora_A.default.weight; base_model.model.transformer.h.1.mlp.c_proj.lora_B.default.weight; base_model.model.transformer.h.2.attn.c_attn.lora_A.default.weight; base_model.model.transformer.h.2.attn.c_attn.lora_B.default.weight; base_model.model.transformer.h.2.attn.c_proj.lora_A.default.weight; base_model.model.transformer.h.2.attn.c_proj.lora_B.default.weight; base_model.model.transformer.h.2.mlp.c_proj.lora_A.default.weight; base_model.model.transformer.h.2.mlp.c_proj.lora_B.default.weight; base_model.model.transformer.h.3.attn.c_attn.lora_A.default.weight; base_model.model.transformer.h.3.attn.c_attn.lora_B.default.weight; base_model.model.transformer.h.3.attn.c_proj.lora_A.default.weight; base_model.model.transformer.h.3.attn.c_proj.lora_B.default.weight; base_model.model.transformer.h.3.mlp.c_proj.lora_A.default.weight; base_model.model.transformer.h.3.mlp.c_proj.lora_B.default.weight; base_model.model.transformer.h.4.attn.c_attn.lora_A.default.weight; base_model.model.transformer.h.4.attn.c_attn.lora_B.default.weight; base_model.model.transformer.h.4.attn.c_proj.lora_A.default.weight; base_model.model.transformer.h.4.attn.c_proj.lora_B.default.weight; base_model.model.transformer.h.4.mlp.c_proj.lora_A.default.weight; base_model.model.transformer.h.4.mlp.c_proj.lora_B.default.weight,,0.5666666666666667,0.7,0.09353253990411758,0.07073403522372246,1.1397178526767129,0.8666666666666667,0.6333333333333333,0.049654360860586166,0.08034230023622513,1.1331730783284253,0.30000000000000004,-0.06666666666666665,-0.04387817904353142,0.00960826501250267,-0.006544774348287596,0.5
done,gpt2,gpt2,/home/user/fractional_unlearning/hf_llm_models/gpt2,A2,forget_gradient_ascent,gradient_ascent,lora_only,none,,none,0.0,42,0,2.8739566802978516,/home/user/fractional_unlearning/llm_valence_fractional_poc_v3_all_except_qwen/runs/gpt2/A2_forget_gradient_ascent_seed42,/home/user/fractional_unlearning/llm_valence_fractional_poc_v3_all_except_qwen/runs/gpt2/A2_forget_gradient_ascent_seed42/model_adapter,125250816,811008,base_model.model.transformer.h.0.attn.c_attn.lora_A.default.weight; base_model.model.transformer.h.0.attn.c_attn.lora_B.default.weight; base_model.model.transformer.h.0.attn.c_proj.lora_A.default.weight; base_model.model.transformer.h.0.attn.c_proj.lora_B.default.weight; base_model.model.transformer.h.0.mlp.c_proj.lora_A.default.weight; base_model.model.transformer.h.0.mlp.c_proj.lora_B.default.weight; base_model.model.transformer.h.1.attn.c_attn.lora_A.default.weight; base_model.model.transformer.h.1.attn.c_attn.lora_B.default.weight; base_model.model.transformer.h.1.attn.c_proj.lora_A.default.weight; base_model.model.transformer.h.1.attn.c_proj.lora_B.default.weight; base_model.model.transformer.h.1.mlp.c_proj.lora_A.default.weight; base_model.model.transformer.h.1.mlp.c_proj.lora_B.default.weight; base_model.model.transformer.h.2.attn.c_attn.lora_A.default.weight; base_model.model.transformer.h.2.attn.c_attn.lora_B.default.weight; base_model.model.transformer.h.2.attn.c_proj.lora_A.default.weight; base_model.model.transformer.h.2.attn.c_proj.lora_B.default.weight; base_model.model.transformer.h.2.mlp.c_proj.lora_A.default.weight; base_model.model.transformer.h.2.mlp.c_proj.lora_B.default.weight; base_model.model.transformer.h.3.attn.c_attn.lora_A.default.weight; base_model.model.transformer.h.3.attn.c_attn.lora_B.default.weight; base_model.model.transformer.h.3.attn.c_proj.lora_A.default.weight; base_model.model.transformer.h.3.attn.c_proj.lora_B.default.weight; base_model.model.transformer.h.3.mlp.c_proj.lora_A.default.weight; base_model.model.transformer.h.3.mlp.c_proj.lora_B.default.weight; base_model.model.transformer.h.4.attn.c_attn.lora_A.default.weight; base_model.model.transformer.h.4.attn.c_attn.lora_B.default.weight; base_model.model.transformer.h.4.attn.c_proj.lora_A.default.weight; base_model.model.transformer.h.4.attn.c_proj.lora_B.default.weight; base_model.model.transformer.h.4.mlp.c_proj.lora_A.default.weight; base_model.model.transformer.h.4.mlp.c_proj.lora_B.default.weight,,0.5666666666666667,0.7,0.09353253990411758,0.07073403522372246,1.1397178526767129,0.8333333333333334,0.5,0.05306880921125412,0.10905417986214161,1.136178538915054,0.2666666666666667,-0.19999999999999996,-0.040463730692863464,0.03832014463841915,-0.0035393137616588355,0.6166666666666667
done,gpt2,gpt2,/home/user/fractional_unlearning/hf_llm_models/gpt2,A3,forget_uniform_target,uniform_target,lora_only,none,,none,0.0,42,0,3.126718521118164,/home/user/fractional_unlearning/llm_valence_fractional_poc_v3_all_except_qwen/runs/gpt2/A3_forget_uniform_target_seed42,/home/user/fractional_unlearning/llm_valence_fractional_poc_v3_all_except_qwen/runs/gpt2/A3_forget_uniform_target_seed42/model_adapter,125250816,811008,base_model.model.transformer.h.0.attn.c_attn.lora_A.default.weight; base_model.model.transformer.h.0.attn.c_attn.lora_B.default.weight; base_model.model.transformer.h.0.attn.c_proj.lora_A.default.weight; base_model.model.transformer.h.0.attn.c_proj.lora_B.default.weight; base_model.model.transformer.h.0.mlp.c_proj.lora_A.default.weight; base_model.model.transformer.h.0.mlp.c_proj.lora_B.default.weight; base_model.model.transformer.h.1.attn.c_attn.lora_A.default.weight; base_model.model.transformer.h.1.attn.c_attn.lora_B.default.weight; base_model.model.transformer.h.1.attn.c_proj.lora_A.default.weight; base_model.model.transformer.h.1.attn.c_proj.lora_B.default.weight; base_model.model.transformer.h.1.mlp.c_proj.lora_A.default.weight; base_model.model.transformer.h.1.mlp.c_proj.lora_B.default.weight; base_model.model.transformer.h.2.attn.c_attn.lora_A.default.weight; base_model.model.transformer.h.2.attn.c_attn.lora_B.default.weight; base_model.model.transformer.h.2.attn.c_proj.lora_A.default.weight; base_model.model.transformer.h.2.attn.c_proj.lora_B.default.weight; base_model.model.transformer.h.2.mlp.c_proj.lora_A.default.weight; base_model.model.transformer.h.2.mlp.c_proj.lora_B.default.weight; base_model.model.transformer.h.3.attn.c_attn.lora_A.default.weight; base_model.model.transformer.h.3.attn.c_attn.lora_B.default.weight; base_model.model.transformer.h.3.attn.c_proj.lora_A.default.weight; base_model.model.transformer.h.3.attn.c_proj.lora_B.default.weight; base_model.model.transformer.h.3.mlp.c_proj.lora_A.default.weight; base_model.model.transformer.h.3.mlp.c_proj.lora_B.default.weight; base_model.model.transformer.h.4.attn.c_attn.lora_A.default.weight; base_model.model.transformer.h.4.attn.c_attn.lora_B.default.weight; base_model.model.transformer.h.4.attn.c_proj.lora_A.default.weight; base_model.model.transformer.h.4.attn.c_proj.lora_B.default.weight; base_model.model.transformer.h.4.mlp.c_proj.lora_A.default.weight; base_model.model.transformer.h.4.mlp.c_proj.lora_B.default.weight,,0.5666666666666667,0.7,0.09353253990411758,0.07073403522372246,1.1397178526767129,0.6333333333333333,0.6666666666666666,0.1425817795097828,0.1455822717398405,1.1519478095887687,0.06666666666666665,-0.033333333333333326,0.04904923960566521,0.07484823651611805,0.012229956912055862,0.3498777004308794
done,gpt2,gpt2,/home/user/fractional_unlearning/hf_llm_models/gpt2,B1,valence_frac_lora_a050,valence_fractional,lora_only,lora,0.5,replace,1.0,42,0,3.3358378410339355,/home/user/fractional_unlearning/llm_valence_fractional_poc_v3_all_except_qwen/runs/gpt2/B1_valence_frac_lora_a050_seed42,/home/user/fractional_unlearning/llm_valence_fractional_poc_v3_all_except_qwen/runs/gpt2/B1_valence_frac_lora_a050_seed42/model_adapter,125250816,811008,base_model.model.transformer.h.0.attn.c_attn.lora_A.default.weight; base_model.model.transformer.h.0.attn.c_attn.lora_B.default.weight; base_model.model.transformer.h.0.attn.c_proj.lora_A.default.weight; base_model.model.transformer.h.0.attn.c_proj.lora_B.default.weight; base_model.model.transformer.h.0.mlp.c_proj.lora_A.default.weight; base_model.model.transformer.h.0.mlp.c_proj.lora_B.default.weight; base_model.model.transformer.h.1.attn.c_attn.lora_A.default.weight; base_model.model.transformer.h.1.attn.c_attn.lora_B.default.weight; base_model.model.transformer.h.1.attn.c_proj.lora_A.default.weight; base_model.model.transformer.h.1.attn.c_proj.lora_B.default.weight; base_model.model.transformer.h.1.mlp.c_proj.lora_A.default.weight; base_model.model.transformer.h.1.mlp.c_proj.lora_B.default.weight; base_model.model.transformer.h.2.attn.c_attn.lora_A.default.weight; base_model.model.transformer.h.2.attn.c_attn.lora_B.default.weight; base_model.model.transformer.h.2.attn.c_proj.lora_A.default.weight; base_model.model.transformer.h.2.attn.c_proj.lora_B.default.weight; base_model.model.transformer.h.2.mlp.c_proj.lora_A.default.weight; base_model.model.transformer.h.2.mlp.c_proj.lora_B.default.weight; base_model.model.transformer.h.3.attn.c_attn.lora_A.default.weight; base_model.model.transformer.h.3.attn.c_attn.lora_B.default.weight; base_model.model.transformer.h.3.attn.c_proj.lora_A.default.weight; base_model.model.transformer.h.3.attn.c_proj.lora_B.default.weight; base_model.model.transformer.h.3.mlp.c_proj.lora_A.default.weight; base_model.model.transformer.h.3.mlp.c_proj.lora_B.default.weight; base_model.model.transformer.h.4.attn.c_attn.lora_A.default.weight; base_model.model.transformer.h.4.attn.c_attn.lora_B.default.weight; base_model.model.transformer.h.4.attn.c_proj.lora_A.default.weight; base_model.model.transformer.h.4.attn.c_proj.lora_B.default.weight; base_model.model.transformer.h.4.mlp.c_proj.lora_A.default.weight; base_model.model.transformer.h.4.mlp.c_proj.lora_B.default.weight,base_model.model.transformer.h.0.attn.c_attn.lora_A.default.weight; base_model.model.transformer.h.0.attn.c_attn.lora_B.default.weight; base_model.model.transformer.h.0.attn.c_proj.lora_A.default.weight; base_model.model.transformer.h.0.attn.c_proj.lora_B.default.weight; base_model.model.transformer.h.0.mlp.c_proj.lora_A.default.weight; base_model.model.transformer.h.0.mlp.c_proj.lora_B.default.weight; base_model.model.transformer.h.1.attn.c_attn.lora_A.default.weight; base_model.model.transformer.h.1.attn.c_attn.lora_B.default.weight; base_model.model.transformer.h.1.attn.c_proj.lora_A.default.weight; base_model.model.transformer.h.1.attn.c_proj.lora_B.default.weight; base_model.model.transformer.h.1.mlp.c_proj.lora_A.default.weight; base_model.model.transformer.h.1.mlp.c_proj.lora_B.default.weight; base_model.model.transformer.h.2.attn.c_attn.lora_A.default.weight; base_model.model.transformer.h.2.attn.c_attn.lora_B.default.weight; base_model.model.transformer.h.2.attn.c_proj.lora_A.default.weight; base_model.model.transformer.h.2.attn.c_proj.lora_B.default.weight; base_model.model.transformer.h.2.mlp.c_proj.lora_A.default.weight; base_model.model.transformer.h.2.mlp.c_proj.lora_B.default.weight; base_model.model.transformer.h.3.attn.c_attn.lora_A.default.weight; base_model.model.transformer.h.3.attn.c_attn.lora_B.default.weight; base_model.model.transformer.h.3.attn.c_proj.lora_A.default.weight; base_model.model.transformer.h.3.attn.c_proj.lora_B.default.weight; base_model.model.transformer.h.3.mlp.c_proj.lora_A.default.weight; base_model.model.transformer.h.3.mlp.c_proj.lora_B.default.weight; base_model.model.transformer.h.4.attn.c_attn.lora_A.default.weight; base_model.model.transformer.h.4.attn.c_attn.lora_B.default.weight; base_model.model.transformer.h.4.attn.c_proj.lora_A.default.weight; base_model.model.transformer.h.4.attn.c_proj.lora_B.default.weight; base_model.model.transformer.h.4.mlp.c_proj.lora_A.default.weight; base_model.model.transformer.h.4.mlp.c_proj.lora_B.default.weight,0.5666666666666667,0.7,0.09353253990411758,0.07073403522372246,1.1397178526767129,0.9,0.5333333333333333,0.04968794155865908,0.09989752620458603,1.1363456815660424,0.33333333333333337,-0.16666666666666663,-0.04384459834545851,0.02916349098086357,-0.003372171110670452,0.6166666666666667
done,gpt2,gpt2,/home/user/fractional_unlearning/hf_llm_models/gpt2,B4,valence_frac_lora_mix_a050_lam010,valence_fractional,lora_only,lora,0.5,mix,0.01,42,0,3.203493595123291,/home/user/fractional_unlearning/llm_valence_fractional_poc_v3_all_except_qwen/runs/gpt2/B4_valence_frac_lora_mix_a050_lam010_seed42,/home/user/fractional_unlearning/llm_valence_fractional_poc_v3_all_except_qwen/runs/gpt2/B4_valence_frac_lora_mix_a050_lam010_seed42/model_adapter,125250816,811008,base_model.model.transformer.h.0.attn.c_attn.lora_A.default.weight; base_model.model.transformer.h.0.attn.c_attn.lora_B.default.weight; base_model.model.transformer.h.0.attn.c_proj.lora_A.default.weight; base_model.model.transformer.h.0.attn.c_proj.lora_B.default.weight; base_model.model.transformer.h.0.mlp.c_proj.lora_A.default.weight; base_model.model.transformer.h.0.mlp.c_proj.lora_B.default.weight; base_model.model.transformer.h.1.attn.c_attn.lora_A.default.weight; base_model.model.transformer.h.1.attn.c_attn.lora_B.default.weight; base_model.model.transformer.h.1.attn.c_proj.lora_A.default.weight; base_model.model.transformer.h.1.attn.c_proj.lora_B.default.weight; base_model.model.transformer.h.1.mlp.c_proj.lora_A.default.weight; base_model.model.transformer.h.1.mlp.c_proj.lora_B.default.weight; base_model.model.transformer.h.2.attn.c_attn.lora_A.default.weight; base_model.model.transformer.h.2.attn.c_attn.lora_B.default.weight; base_model.model.transformer.h.2.attn.c_proj.lora_A.default.weight; base_model.model.transformer.h.2.attn.c_proj.lora_B.default.weight; base_model.model.transformer.h.2.mlp.c_proj.lora_A.default.weight; base_model.model.transformer.h.2.mlp.c_proj.lora_B.default.weight; base_model.model.transformer.h.3.attn.c_attn.lora_A.default.weight; base_model.model.transformer.h.3.attn.c_attn.lora_B.default.weight; base_model.model.transformer.h.3.attn.c_proj.lora_A.default.weight; base_model.model.transformer.h.3.attn.c_proj.lora_B.default.weight; base_model.model.transformer.h.3.mlp.c_proj.lora_A.default.weight; base_model.model.transformer.h.3.mlp.c_proj.lora_B.default.weight; base_model.model.transformer.h.4.attn.c_attn.lora_A.default.weight; base_model.model.transformer.h.4.attn.c_attn.lora_B.default.weight; base_model.model.transformer.h.4.attn.c_proj.lora_A.default.weight; base_model.model.transformer.h.4.attn.c_proj.lora_B.default.weight; base_model.model.transformer.h.4.mlp.c_proj.lora_A.default.weight; base_model.model.transformer.h.4.mlp.c_proj.lora_B.default.weight,base_model.model.transformer.h.0.attn.c_attn.lora_A.default.weight; base_model.model.transformer.h.0.attn.c_attn.lora_B.default.weight; base_model.model.transformer.h.0.attn.c_proj.lora_A.default.weight; base_model.model.transformer.h.0.attn.c_proj.lora_B.default.weight; base_model.model.transformer.h.0.mlp.c_proj.lora_A.default.weight; base_model.model.transformer.h.0.mlp.c_proj.lora_B.default.weight; base_model.model.transformer.h.1.attn.c_attn.lora_A.default.weight; base_model.model.transformer.h.1.attn.c_attn.lora_B.default.weight; base_model.model.transformer.h.1.attn.c_proj.lora_A.default.weight; base_model.model.transformer.h.1.attn.c_proj.lora_B.default.weight; base_model.model.transformer.h.1.mlp.c_proj.lora_A.default.weight; base_model.model.transformer.h.1.mlp.c_proj.lora_B.default.weight; base_model.model.transformer.h.2.attn.c_attn.lora_A.default.weight; base_model.model.transformer.h.2.attn.c_attn.lora_B.default.weight; base_model.model.transformer.h.2.attn.c_proj.lora_A.default.weight; base_model.model.transformer.h.2.attn.c_proj.lora_B.default.weight; base_model.model.transformer.h.2.mlp.c_proj.lora_A.default.weight; base_model.model.transformer.h.2.mlp.c_proj.lora_B.default.weight; base_model.model.transformer.h.3.attn.c_attn.lora_A.default.weight; base_model.model.transformer.h.3.attn.c_attn.lora_B.default.weight; base_model.model.transformer.h.3.attn.c_proj.lora_A.default.weight; base_model.model.transformer.h.3.attn.c_proj.lora_B.default.weight; base_model.model.transformer.h.3.mlp.c_proj.lora_A.default.weight; base_model.model.transformer.h.3.mlp.c_proj.lora_B.default.weight; base_model.model.transformer.h.4.attn.c_attn.lora_A.default.weight; base_model.model.transformer.h.4.attn.c_attn.lora_B.default.weight; base_model.model.transformer.h.4.attn.c_proj.lora_A.default.weight; base_model.model.transformer.h.4.attn.c_proj.lora_B.default.weight; base_model.model.transformer.h.4.mlp.c_proj.lora_A.default.weight; base_model.model.transformer.h.4.mlp.c_proj.lora_B.default.weight,0.5666666666666667,0.7,0.09353253990411758,0.07073403522372246,1.1397178526767129,0.8666666666666667,0.4666666666666667,0.053479806520044804,0.11364967934787273,1.136063674212735,0.30000000000000004,-0.23333333333333328,-0.04005273338407278,0.042915644124150276,-0.003654178463977864,0.6666666666666666
done,gpt2,gpt2,/home/user/fractional_unlearning/hf_llm_models/gpt2,C4,valence_frac_all_a050,valence_fractional,all,all,0.5,replace,1.0,42,0,1.2632851600646973,/home/user/fractional_unlearning/llm_valence_fractional_poc_v3_all_except_qwen/runs/gpt2/C4_valence_frac_all_a050_seed42,/home/user/fractional_unlearning/llm_valence_fractional_poc_v3_all_except_qwen/runs/gpt2/C4_valence_frac_all_a050_seed42/model_adapter,125250816,125250816,base_model.model.transformer.wte.weight; base_model.model.transformer.wpe.weight; base_model.model.transformer.h.0.ln_1.weight; base_model.model.transformer.h.0.ln_1.bias; base_model.model.transformer.h.0.attn.c_attn.base_layer.weight; base_model.model.transformer.h.0.attn.c_attn.base_layer.bias; base_model.model.transformer.h.0.attn.c_attn.lora_A.default.weight; base_model.model.transformer.h.0.attn.c_attn.lora_B.default.weight; base_model.model.transformer.h.0.attn.c_proj.base_layer.weight; base_model.model.transformer.h.0.attn.c_proj.base_layer.bias; base_model.model.transformer.h.0.attn.c_proj.lora_A.default.weight; base_model.model.transformer.h.0.attn.c_proj.lora_B.default.weight; base_model.model.transformer.h.0.ln_2.weight; base_model.model.transformer.h.0.ln_2.bias; base_model.model.transformer.h.0.mlp.c_fc.weight; base_model.model.transformer.h.0.mlp.c_fc.bias; base_model.model.transformer.h.0.mlp.c_proj.base_layer.weight; base_model.model.transformer.h.0.mlp.c_proj.base_layer.bias; base_model.model.transformer.h.0.mlp.c_proj.lora_A.default.weight; base_model.model.transformer.h.0.mlp.c_proj.lora_B.default.weight; base_model.model.transformer.h.1.ln_1.weight; base_model.model.transformer.h.1.ln_1.bias; base_model.model.transformer.h.1.attn.c_attn.base_layer.weight; base_model.model.transformer.h.1.attn.c_attn.base_layer.bias; base_model.model.transformer.h.1.attn.c_attn.lora_A.default.weight; base_model.model.transformer.h.1.attn.c_attn.lora_B.default.weight; base_model.model.transformer.h.1.attn.c_proj.base_layer.weight; base_model.model.transformer.h.1.attn.c_proj.base_layer.bias; base_model.model.transformer.h.1.attn.c_proj.lora_A.default.weight; base_model.model.transformer.h.1.attn.c_proj.lora_B.default.weight,base_model.model.transformer.wte.weight; base_model.model.transformer.wpe.weight; base_model.model.transformer.h.0.ln_1.weight; base_model.model.transformer.h.0.ln_1.bias; base_model.model.transformer.h.0.attn.c_attn.base_layer.weight; base_model.model.transformer.h.0.attn.c_attn.base_layer.bias; base_model.model.transformer.h.0.attn.c_attn.lora_A.default.weight; base_model.model.transformer.h.0.attn.c_attn.lora_B.default.weight; base_model.model.transformer.h.0.attn.c_proj.base_layer.weight; base_model.model.transformer.h.0.attn.c_proj.base_layer.bias; base_model.model.transformer.h.0.attn.c_proj.lora_A.default.weight; base_model.model.transformer.h.0.attn.c_proj.lora_B.default.weight; base_model.model.transformer.h.0.ln_2.weight; base_model.model.transformer.h.0.ln_2.bias; base_model.model.transformer.h.0.mlp.c_fc.weight; base_model.model.transformer.h.0.mlp.c_fc.bias; base_model.model.transformer.h.0.mlp.c_proj.base_layer.weight; base_model.model.transformer.h.0.mlp.c_proj.base_layer.bias; base_model.model.transformer.h.0.mlp.c_proj.lora_A.default.weight; base_model.model.transformer.h.0.mlp.c_proj.lora_B.default.weight; base_model.model.transformer.h.1.ln_1.weight; base_model.model.transformer.h.1.ln_1.bias; base_model.model.transformer.h.1.attn.c_attn.base_layer.weight; base_model.model.transformer.h.1.attn.c_attn.base_layer.bias; base_model.model.transformer.h.1.attn.c_attn.lora_A.default.weight; base_model.model.transformer.h.1.attn.c_attn.lora_B.default.weight; base_model.model.transformer.h.1.attn.c_proj.base_layer.weight; base_model.model.transformer.h.1.attn.c_proj.base_layer.bias; base_model.model.transformer.h.1.attn.c_proj.lora_A.default.weight; base_model.model.transformer.h.1.attn.c_proj.lora_B.default.weight,0.5666666666666667,0.7,0.09353253990411758,0.07073403522372246,1.1397178526767129,0.0,0.0,,,,-0.5666666666666667,-0.7,,,,
done,gpt_neo_125m,gpt_neo,/home/user/fractional_unlearning/hf_llm_models/gpt_neo_125m,A1,retain_kd_only,retain_kd_only,lora_only,none,,none,0.0,42,0,2.956230640411377,/home/user/fractional_unlearning/llm_valence_fractional_poc_v3_all_except_qwen/runs/gpt_neo_125m/A1_retain_kd_only_seed42,/home/user/fractional_unlearning/llm_valence_fractional_poc_v3_all_except_qwen/runs/gpt_neo_125m/A1_retain_kd_only_seed42/model_adapter,125788416,589824,base_model.model.transformer.h.0.attn.attention.k_proj.lora_A.default.weight; base_model.model.transformer.h.0.attn.attention.k_proj.lora_B.default.weight; base_model.model.transformer.h.0.attn.attention.v_proj.lora_A.default.weight; base_model.model.transformer.h.0.attn.attention.v_proj.lora_B.default.weight; base_model.model.transformer.h.0.attn.attention.q_proj.lora_A.default.weight; base_model.model.transformer.h.0.attn.attention.q_proj.lora_B.default.weight; base_model.model.transformer.h.0.attn.attention.out_proj.lora_A.default.weight; base_model.model.transformer.h.0.attn.attention.out_proj.lora_B.default.weight; base_model.model.transformer.h.1.attn.attention.k_proj.lora_A.default.weight; base_model.model.transformer.h.1.attn.attention.k_proj.lora_B.default.weight; base_model.model.transformer.h.1.attn.attention.v_proj.lora_A.default.weight; base_model.model.transformer.h.1.attn.attention.v_proj.lora_B.default.weight; base_model.model.transformer.h.1.attn.attention.q_proj.lora_A.default.weight; base_model.model.transformer.h.1.attn.attention.q_proj.lora_B.default.weight; base_model.model.transformer.h.1.attn.attention.out_proj.lora_A.default.weight; base_model.model.transformer.h.1.attn.attention.out_proj.lora_B.default.weight; base_model.model.transformer.h.2.attn.attention.k_proj.lora_A.default.weight; base_model.model.transformer.h.2.attn.attention.k_proj.lora_B.default.weight; base_model.model.transformer.h.2.attn.attention.v_proj.lora_A.default.weight; base_model.model.transformer.h.2.attn.attention.v_proj.lora_B.default.weight; base_model.model.transformer.h.2.attn.attention.q_proj.lora_A.default.weight; base_model.model.transformer.h.2.attn.attention.q_proj.lora_B.default.weight; base_model.model.transformer.h.2.attn.attention.out_proj.lora_A.default.weight; base_model.model.transformer.h.2.attn.attention.out_proj.lora_B.default.weight; base_model.model.transformer.h.3.attn.attention.k_proj.lora_A.default.weight; base_model.model.transformer.h.3.attn.attention.k_proj.lora_B.default.weight; base_model.model.transformer.h.3.attn.attention.v_proj.lora_A.default.weight; base_model.model.transformer.h.3.attn.attention.v_proj.lora_B.default.weight; base_model.model.transformer.h.3.attn.attention.q_proj.lora_A.default.weight; base_model.model.transformer.h.3.attn.attention.q_proj.lora_B.default.weight,,0.9666666666666667,1.0,0.004004196613095701,0.0033739657956175506,1.1049779853764246,1.0,0.9666666666666667,0.001875853631645441,0.011194937396794558,1.0988070628855897,0.033333333333333326,-0.033333333333333326,-0.0021283429814502597,0.007820971601177007,-0.00617092249083484,0.5333333333333333
done,gpt_neo_125m,gpt_neo,/home/user/fractional_unlearning/hf_llm_models/gpt_neo_125m,A2,forget_gradient_ascent,gradient_ascent,lora_only,none,,none,0.0,42,0,3.9189348220825195,/home/user/fractional_unlearning/llm_valence_fractional_poc_v3_all_except_qwen/runs/gpt_neo_125m/A2_forget_gradient_ascent_seed42,/home/user/fractional_unlearning/llm_valence_fractional_poc_v3_all_except_qwen/runs/gpt_neo_125m/A2_forget_gradient_ascent_seed42/model_adapter,125788416,589824,base_model.model.transformer.h.0.attn.attention.k_proj.lora_A.default.weight; base_model.model.transformer.h.0.attn.attention.k_proj.lora_B.default.weight; base_model.model.transformer.h.0.attn.attention.v_proj.lora_A.default.weight; base_model.model.transformer.h.0.attn.attention.v_proj.lora_B.default.weight; base_model.model.transformer.h.0.attn.attention.q_proj.lora_A.default.weight; base_model.model.transformer.h.0.attn.attention.q_proj.lora_B.default.weight; base_model.model.transformer.h.0.attn.attention.out_proj.lora_A.default.weight; base_model.model.transformer.h.0.attn.attention.out_proj.lora_B.default.weight; base_model.model.transformer.h.1.attn.attention.k_proj.lora_A.default.weight; base_model.model.transformer.h.1.attn.attention.k_proj.lora_B.default.weight; base_model.model.transformer.h.1.attn.attention.v_proj.lora_A.default.weight; base_model.model.transformer.h.1.attn.attention.v_proj.lora_B.default.weight; base_model.model.transformer.h.1.attn.attention.q_proj.lora_A.default.weight; base_model.model.transformer.h.1.attn.attention.q_proj.lora_B.default.weight; base_model.model.transformer.h.1.attn.attention.out_proj.lora_A.default.weight; base_model.model.transformer.h.1.attn.attention.out_proj.lora_B.default.weight; base_model.model.transformer.h.2.attn.attention.k_proj.lora_A.default.weight; base_model.model.transformer.h.2.attn.attention.k_proj.lora_B.default.weight; base_model.model.transformer.h.2.attn.attention.v_proj.lora_A.default.weight; base_model.model.transformer.h.2.attn.attention.v_proj.lora_B.default.weight; base_model.model.transformer.h.2.attn.attention.q_proj.lora_A.default.weight; base_model.model.transformer.h.2.attn.attention.q_proj.lora_B.default.weight; base_model.model.transformer.h.2.attn.attention.out_proj.lora_A.default.weight; base_model.model.transformer.h.2.attn.attention.out_proj.lora_B.default.weight; base_model.model.transformer.h.3.attn.attention.k_proj.lora_A.default.weight; base_model.model.transformer.h.3.attn.attention.k_proj.lora_B.default.weight; base_model.model.transformer.h.3.attn.attention.v_proj.lora_A.default.weight; base_model.model.transformer.h.3.attn.attention.v_proj.lora_B.default.weight; base_model.model.transformer.h.3.attn.attention.q_proj.lora_A.default.weight; base_model.model.transformer.h.3.attn.attention.q_proj.lora_B.default.weight,,0.9666666666666667,1.0,0.004004196613095701,0.0033739657956175506,1.1049779853764246,1.0,0.8333333333333334,0.004699980199802667,0.07129085902124643,1.0998529387792222,0.033333333333333326,-0.16666666666666663,0.0006957835867069662,0.06791689322562888,-0.005125046597202365,0.6666666666666666
done,gpt_neo_125m,gpt_neo,/home/user/fractional_unlearning/hf_llm_models/gpt_neo_125m,A3,forget_uniform_target,uniform_target,lora_only,none,,none,0.0,42,0,4.222887754440308,/home/user/fractional_unlearning/llm_valence_fractional_poc_v3_all_except_qwen/runs/gpt_neo_125m/A3_forget_uniform_target_seed42,/home/user/fractional_unlearning/llm_valence_fractional_poc_v3_all_except_qwen/runs/gpt_neo_125m/A3_forget_uniform_target_seed42/model_adapter,125788416,589824,base_model.model.transformer.h.0.attn.attention.k_proj.lora_A.default.weight; base_model.model.transformer.h.0.attn.attention.k_proj.lora_B.default.weight; base_model.model.transformer.h.0.attn.attention.v_proj.lora_A.default.weight; base_model.model.transformer.h.0.attn.attention.v_proj.lora_B.default.weight; base_model.model.transformer.h.0.attn.attention.q_proj.lora_A.default.weight; base_model.model.transformer.h.0.attn.attention.q_proj.lora_B.default.weight; base_model.model.transformer.h.0.attn.attention.out_proj.lora_A.default.weight; base_model.model.transformer.h.0.attn.attention.out_proj.lora_B.default.weight; base_model.model.transformer.h.1.attn.attention.k_proj.lora_A.default.weight; base_model.model.transformer.h.1.attn.attention.k_proj.lora_B.default.weight; base_model.model.transformer.h.1.attn.attention.v_proj.lora_A.default.weight; base_model.model.transformer.h.1.attn.attention.v_proj.lora_B.default.weight; base_model.model.transformer.h.1.attn.attention.q_proj.lora_A.default.weight; base_model.model.transformer.h.1.attn.attention.q_proj.lora_B.default.weight; base_model.model.transformer.h.1.attn.attention.out_proj.lora_A.default.weight; base_model.model.transformer.h.1.attn.attention.out_proj.lora_B.default.weight; base_model.model.transformer.h.2.attn.attention.k_proj.lora_A.default.weight; base_model.model.transformer.h.2.attn.attention.k_proj.lora_B.default.weight; base_model.model.transformer.h.2.attn.attention.v_proj.lora_A.default.weight; base_model.model.transformer.h.2.attn.attention.v_proj.lora_B.default.weight; base_model.model.transformer.h.2.attn.attention.q_proj.lora_A.default.weight; base_model.model.transformer.h.2.attn.attention.q_proj.lora_B.default.weight; base_model.model.transformer.h.2.attn.attention.out_proj.lora_A.default.weight; base_model.model.transformer.h.2.attn.attention.out_proj.lora_B.default.weight; base_model.model.transformer.h.3.attn.attention.k_proj.lora_A.default.weight; base_model.model.transformer.h.3.attn.attention.k_proj.lora_B.default.weight; base_model.model.transformer.h.3.attn.attention.v_proj.lora_A.default.weight; base_model.model.transformer.h.3.attn.attention.v_proj.lora_B.default.weight; base_model.model.transformer.h.3.attn.attention.q_proj.lora_A.default.weight; base_model.model.transformer.h.3.attn.attention.q_proj.lora_B.default.weight,,0.9666666666666667,1.0,0.004004196613095701,0.0033739657956175506,1.1049779853764246,0.43333333333333335,0.4666666666666667,0.48104145377874374,0.6361592710018158,1.1875299622930533,-0.5333333333333333,-0.5333333333333333,0.47703725716564804,0.6327853052061982,0.08255197691662874,0.7491744802308337
done,gpt_neo_125m,gpt_neo,/home/user/fractional_unlearning/hf_llm_models/gpt_neo_125m,B1,valence_frac_lora_a050,valence_fractional,lora_only,lora,0.5,replace,1.0,42,0,4.396821975708008,/home/user/fractional_unlearning/llm_valence_fractional_poc_v3_all_except_qwen/runs/gpt_neo_125m/B1_valence_frac_lora_a050_seed42,/home/user/fractional_unlearning/llm_valence_fractional_poc_v3_all_except_qwen/runs/gpt_neo_125m/B1_valence_frac_lora_a050_seed42/model_adapter,125788416,589824,base_model.model.transformer.h.0.attn.attention.k_proj.lora_A.default.weight; base_model.model.transformer.h.0.attn.attention.k_proj.lora_B.default.weight; base_model.model.transformer.h.0.attn.attention.v_proj.lora_A.default.weight; base_model.model.transformer.h.0.attn.attention.v_proj.lora_B.default.weight; base_model.model.transformer.h.0.attn.attention.q_proj.lora_A.default.weight; base_model.model.transformer.h.0.attn.attention.q_proj.lora_B.default.weight; base_model.model.transformer.h.0.attn.attention.out_proj.lora_A.default.weight; base_model.model.transformer.h.0.attn.attention.out_proj.lora_B.default.weight; base_model.model.transformer.h.1.attn.attention.k_proj.lora_A.default.weight; base_model.model.transformer.h.1.attn.attention.k_proj.lora_B.default.weight; base_model.model.transformer.h.1.attn.attention.v_proj.lora_A.default.weight; base_model.model.transformer.h.1.attn.attention.v_proj.lora_B.default.weight; base_model.model.transformer.h.1.attn.attention.q_proj.lora_A.default.weight; base_model.model.transformer.h.1.attn.attention.q_proj.lora_B.default.weight; base_model.model.transformer.h.1.attn.attention.out_proj.lora_A.default.weight; base_model.model.transformer.h.1.attn.attention.out_proj.lora_B.default.weight; base_model.model.transformer.h.2.attn.attention.k_proj.lora_A.default.weight; base_model.model.transformer.h.2.attn.attention.k_proj.lora_B.default.weight; base_model.model.transformer.h.2.attn.attention.v_proj.lora_A.default.weight; base_model.model.transformer.h.2.attn.attention.v_proj.lora_B.default.weight; base_model.model.transformer.h.2.attn.attention.q_proj.lora_A.default.weight; base_model.model.transformer.h.2.attn.attention.q_proj.lora_B.default.weight; base_model.model.transformer.h.2.attn.attention.out_proj.lora_A.default.weight; base_model.model.transformer.h.2.attn.attention.out_proj.lora_B.default.weight; base_model.model.transformer.h.3.attn.attention.k_proj.lora_A.default.weight; base_model.model.transformer.h.3.attn.attention.k_proj.lora_B.default.weight; base_model.model.transformer.h.3.attn.attention.v_proj.lora_A.default.weight; base_model.model.transformer.h.3.attn.attention.v_proj.lora_B.default.weight; base_model.model.transformer.h.3.attn.attention.q_proj.lora_A.default.weight; base_model.model.transformer.h.3.attn.attention.q_proj.lora_B.default.weight,base_model.model.transformer.h.0.attn.attention.k_proj.lora_A.default.weight; base_model.model.transformer.h.0.attn.attention.k_proj.lora_B.default.weight; base_model.model.transformer.h.0.attn.attention.v_proj.lora_A.default.weight; base_model.model.transformer.h.0.attn.attention.v_proj.lora_B.default.weight; base_model.model.transformer.h.0.attn.attention.q_proj.lora_A.default.weight; base_model.model.transformer.h.0.attn.attention.q_proj.lora_B.default.weight; base_model.model.transformer.h.0.attn.attention.out_proj.lora_A.default.weight; base_model.model.transformer.h.0.attn.attention.out_proj.lora_B.default.weight; base_model.model.transformer.h.1.attn.attention.k_proj.lora_A.default.weight; base_model.model.transformer.h.1.attn.attention.k_proj.lora_B.default.weight; base_model.model.transformer.h.1.attn.attention.v_proj.lora_A.default.weight; base_model.model.transformer.h.1.attn.attention.v_proj.lora_B.default.weight; base_model.model.transformer.h.1.attn.attention.q_proj.lora_A.default.weight; base_model.model.transformer.h.1.attn.attention.q_proj.lora_B.default.weight; base_model.model.transformer.h.1.attn.attention.out_proj.lora_A.default.weight; base_model.model.transformer.h.1.attn.attention.out_proj.lora_B.default.weight; base_model.model.transformer.h.2.attn.attention.k_proj.lora_A.default.weight; base_model.model.transformer.h.2.attn.attention.k_proj.lora_B.default.weight; base_model.model.transformer.h.2.attn.attention.v_proj.lora_A.default.weight; base_model.model.transformer.h.2.attn.attention.v_proj.lora_B.default.weight; base_model.model.transformer.h.2.attn.attention.q_proj.lora_A.default.weight; base_model.model.transformer.h.2.attn.attention.q_proj.lora_B.default.weight; base_model.model.transformer.h.2.attn.attention.out_proj.lora_A.default.weight; base_model.model.transformer.h.2.attn.attention.out_proj.lora_B.default.weight; base_model.model.transformer.h.3.attn.attention.k_proj.lora_A.default.weight; base_model.model.transformer.h.3.attn.attention.k_proj.lora_B.default.weight; base_model.model.transformer.h.3.attn.attention.v_proj.lora_A.default.weight; base_model.model.transformer.h.3.attn.attention.v_proj.lora_B.default.weight; base_model.model.transformer.h.3.attn.attention.q_proj.lora_A.default.weight; base_model.model.transformer.h.3.attn.attention.q_proj.lora_B.default.weight,0.9666666666666667,1.0,0.004004196613095701,0.0033739657956175506,1.1049779853764246,1.0,0.9333333333333333,0.0029711093520745635,0.032108688494190574,1.104876758337425,0.033333333333333326,-0.06666666666666665,-0.0010330872610211372,0.028734722698573023,-0.00010122703899950736,0.5666666666666667
done,gpt_neo_125m,gpt_neo,/home/user/fractional_unlearning/hf_llm_models/gpt_neo_125m,B4,valence_frac_lora_mix_a050_lam010,valence_fractional,lora_only,lora,0.5,mix,0.01,42,0,4.259022235870361,/home/user/fractional_unlearning/llm_valence_fractional_poc_v3_all_except_qwen/runs/gpt_neo_125m/B4_valence_frac_lora_mix_a050_lam010_seed42,/home/user/fractional_unlearning/llm_valence_fractional_poc_v3_all_except_qwen/runs/gpt_neo_125m/B4_valence_frac_lora_mix_a050_lam010_seed42/model_adapter,125788416,589824,base_model.model.transformer.h.0.attn.attention.k_proj.lora_A.default.weight; base_model.model.transformer.h.0.attn.attention.k_proj.lora_B.default.weight; base_model.model.transformer.h.0.attn.attention.v_proj.lora_A.default.weight; base_model.model.transformer.h.0.attn.attention.v_proj.lora_B.default.weight; base_model.model.transformer.h.0.attn.attention.q_proj.lora_A.default.weight; base_model.model.transformer.h.0.attn.attention.q_proj.lora_B.default.weight; base_model.model.transformer.h.0.attn.attention.out_proj.lora_A.default.weight; base_model.model.transformer.h.0.attn.attention.out_proj.lora_B.default.weight; base_model.model.transformer.h.1.attn.attention.k_proj.lora_A.default.weight; base_model.model.transformer.h.1.attn.attention.k_proj.lora_B.default.weight; base_model.model.transformer.h.1.attn.attention.v_proj.lora_A.default.weight; base_model.model.transformer.h.1.attn.attention.v_proj.lora_B.default.weight; base_model.model.transformer.h.1.attn.attention.q_proj.lora_A.default.weight; base_model.model.transformer.h.1.attn.attention.q_proj.lora_B.default.weight; base_model.model.transformer.h.1.attn.attention.out_proj.lora_A.default.weight; base_model.model.transformer.h.1.attn.attention.out_proj.lora_B.default.weight; base_model.model.transformer.h.2.attn.attention.k_proj.lora_A.default.weight; base_model.model.transformer.h.2.attn.attention.k_proj.lora_B.default.weight; base_model.model.transformer.h.2.attn.attention.v_proj.lora_A.default.weight; base_model.model.transformer.h.2.attn.attention.v_proj.lora_B.default.weight; base_model.model.transformer.h.2.attn.attention.q_proj.lora_A.default.weight; base_model.model.transformer.h.2.attn.attention.q_proj.lora_B.default.weight; base_model.model.transformer.h.2.attn.attention.out_proj.lora_A.default.weight; base_model.model.transformer.h.2.attn.attention.out_proj.lora_B.default.weight; base_model.model.transformer.h.3.attn.attention.k_proj.lora_A.default.weight; base_model.model.transformer.h.3.attn.attention.k_proj.lora_B.default.weight; base_model.model.transformer.h.3.attn.attention.v_proj.lora_A.default.weight; base_model.model.transformer.h.3.attn.attention.v_proj.lora_B.default.weight; base_model.model.transformer.h.3.attn.attention.q_proj.lora_A.default.weight; base_model.model.transformer.h.3.attn.attention.q_proj.lora_B.default.weight,base_model.model.transformer.h.0.attn.attention.k_proj.lora_A.default.weight; base_model.model.transformer.h.0.attn.attention.k_proj.lora_B.default.weight; base_model.model.transformer.h.0.attn.attention.v_proj.lora_A.default.weight; base_model.model.transformer.h.0.attn.attention.v_proj.lora_B.default.weight; base_model.model.transformer.h.0.attn.attention.q_proj.lora_A.default.weight; base_model.model.transformer.h.0.attn.attention.q_proj.lora_B.default.weight; base_model.model.transformer.h.0.attn.attention.out_proj.lora_A.default.weight; base_model.model.transformer.h.0.attn.attention.out_proj.lora_B.default.weight; base_model.model.transformer.h.1.attn.attention.k_proj.lora_A.default.weight; base_model.model.transformer.h.1.attn.attention.k_proj.lora_B.default.weight; base_model.model.transformer.h.1.attn.attention.v_proj.lora_A.default.weight; base_model.model.transformer.h.1.attn.attention.v_proj.lora_B.default.weight; base_model.model.transformer.h.1.attn.attention.q_proj.lora_A.default.weight; base_model.model.transformer.h.1.attn.attention.q_proj.lora_B.default.weight; base_model.model.transformer.h.1.attn.attention.out_proj.lora_A.default.weight; base_model.model.transformer.h.1.attn.attention.out_proj.lora_B.default.weight; base_model.model.transformer.h.2.attn.attention.k_proj.lora_A.default.weight; base_model.model.transformer.h.2.attn.attention.k_proj.lora_B.default.weight; base_model.model.transformer.h.2.attn.attention.v_proj.lora_A.default.weight; base_model.model.transformer.h.2.attn.attention.v_proj.lora_B.default.weight; base_model.model.transformer.h.2.attn.attention.q_proj.lora_A.default.weight; base_model.model.transformer.h.2.attn.attention.q_proj.lora_B.default.weight; base_model.model.transformer.h.2.attn.attention.out_proj.lora_A.default.weight; base_model.model.transformer.h.2.attn.attention.out_proj.lora_B.default.weight; base_model.model.transformer.h.3.attn.attention.k_proj.lora_A.default.weight; base_model.model.transformer.h.3.attn.attention.k_proj.lora_B.default.weight; base_model.model.transformer.h.3.attn.attention.v_proj.lora_A.default.weight; base_model.model.transformer.h.3.attn.attention.v_proj.lora_B.default.weight; base_model.model.transformer.h.3.attn.attention.q_proj.lora_A.default.weight; base_model.model.transformer.h.3.attn.attention.q_proj.lora_B.default.weight,0.9666666666666667,1.0,0.004004196613095701,0.0033739657956175506,1.1049779853764246,1.0,0.8333333333333334,0.006114054354839027,0.07710486650466919,1.1039430319873103,0.033333333333333326,-0.16666666666666663,0.002109857741743326,0.07373090070905164,-0.0010349533891143015,0.6666666666666666
done,gpt_neo_125m,gpt_neo,/home/user/fractional_unlearning/hf_llm_models/gpt_neo_125m,C4,valence_frac_all_a050,valence_fractional,all,all,0.5,replace,1.0,42,0,1.627061128616333,/home/user/fractional_unlearning/llm_valence_fractional_poc_v3_all_except_qwen/runs/gpt_neo_125m/C4_valence_frac_all_a050_seed42,/home/user/fractional_unlearning/llm_valence_fractional_poc_v3_all_except_qwen/runs/gpt_neo_125m/C4_valence_frac_all_a050_seed42/model_adapter,125788416,125788416,base_model.model.transformer.wte.weight; base_model.model.transformer.wpe.weight; base_model.model.transformer.h.0.ln_1.weight; base_model.model.transformer.h.0.ln_1.bias; base_model.model.transformer.h.0.attn.attention.k_proj.base_layer.weight; base_model.model.transformer.h.0.attn.attention.k_proj.lora_A.default.weight; base_model.model.transformer.h.0.attn.attention.k_proj.lora_B.default.weight; base_model.model.transformer.h.0.attn.attention.v_proj.base_layer.weight; base_model.model.transformer.h.0.attn.attention.v_proj.lora_A.default.weight; base_model.model.transformer.h.0.attn.attention.v_proj.lora_B.default.weight; base_model.model.transformer.h.0.attn.attention.q_proj.base_layer.weight; base_model.model.transformer.h.0.attn.attention.q_proj.lora_A.default.weight; base_model.model.transformer.h.0.attn.attention.q_proj.lora_B.default.weight; base_model.model.transformer.h.0.attn.attention.out_proj.base_layer.weight; base_model.model.transformer.h.0.attn.attention.out_proj.base_layer.bias; base_model.model.transformer.h.0.attn.attention.out_proj.lora_A.default.weight; base_model.model.transformer.h.0.attn.attention.out_proj.lora_B.default.weight; base_model.model.transformer.h.0.ln_2.weight; base_model.model.transformer.h.0.ln_2.bias; base_model.model.transformer.h.0.mlp.c_fc.weight; base_model.model.transformer.h.0.mlp.c_fc.bias; base_model.model.transformer.h.0.mlp.c_proj.weight; base_model.model.transformer.h.0.mlp.c_proj.bias; base_model.model.transformer.h.1.ln_1.weight; base_model.model.transformer.h.1.ln_1.bias; base_model.model.transformer.h.1.attn.attention.k_proj.base_layer.weight; base_model.model.transformer.h.1.attn.attention.k_proj.lora_A.default.weight; base_model.model.transformer.h.1.attn.attention.k_proj.lora_B.default.weight; base_model.model.transformer.h.1.attn.attention.v_proj.base_layer.weight; base_model.model.transformer.h.1.attn.attention.v_proj.lora_A.default.weight,base_model.model.transformer.wte.weight; base_model.model.transformer.wpe.weight; base_model.model.transformer.h.0.ln_1.weight; base_model.model.transformer.h.0.ln_1.bias; base_model.model.transformer.h.0.attn.attention.k_proj.base_layer.weight; base_model.model.transformer.h.0.attn.attention.k_proj.lora_A.default.weight; base_model.model.transformer.h.0.attn.attention.k_proj.lora_B.default.weight; base_model.model.transformer.h.0.attn.attention.v_proj.base_layer.weight; base_model.model.transformer.h.0.attn.attention.v_proj.lora_A.default.weight; base_model.model.transformer.h.0.attn.attention.v_proj.lora_B.default.weight; base_model.model.transformer.h.0.attn.attention.q_proj.base_layer.weight; base_model.model.transformer.h.0.attn.attention.q_proj.lora_A.default.weight; base_model.model.transformer.h.0.attn.attention.q_proj.lora_B.default.weight; base_model.model.transformer.h.0.attn.attention.out_proj.base_layer.weight; base_model.model.transformer.h.0.attn.attention.out_proj.base_layer.bias; base_model.model.transformer.h.0.attn.attention.out_proj.lora_A.default.weight; base_model.model.transformer.h.0.attn.attention.out_proj.lora_B.default.weight; base_model.model.transformer.h.0.ln_2.weight; base_model.model.transformer.h.0.ln_2.bias; base_model.model.transformer.h.0.mlp.c_fc.weight; base_model.model.transformer.h.0.mlp.c_fc.bias; base_model.model.transformer.h.0.mlp.c_proj.weight; base_model.model.transformer.h.0.mlp.c_proj.bias; base_model.model.transformer.h.1.ln_1.weight; base_model.model.transformer.h.1.ln_1.bias; base_model.model.transformer.h.1.attn.attention.k_proj.base_layer.weight; base_model.model.transformer.h.1.attn.attention.k_proj.lora_A.default.weight; base_model.model.transformer.h.1.attn.attention.k_proj.lora_B.default.weight; base_model.model.transformer.h.1.attn.attention.v_proj.base_layer.weight; base_model.model.transformer.h.1.attn.attention.v_proj.lora_A.default.weight,0.9666666666666667,1.0,0.004004196613095701,0.0033739657956175506,1.1049779853764246,0.0,0.0,,,,-0.9666666666666667,-1.0,,,,
