status,scenario_id,scenario_name,method,trainable_scope,target,alpha,fractional_mode,mix_lambda,seed,gpu_id,train_time_sec,out_dir,checkpoint_dir,all_params,trainable_params,trainable_preview,target_preview,before_retain_em_acc,before_forget_em_acc,before_retain_answer_nll,before_forget_answer_nll,before_general_ppl,after_retain_em_acc,after_forget_em_acc,after_retain_answer_nll,after_forget_answer_nll,after_general_ppl,delta_retain_em_acc,delta_forget_em_acc,delta_retain_nll,delta_forget_nll,delta_general_ppl,unlearning_score_simple
done,A1,retain_kd_only,retain_kd_only,lora_only,none,,none,0.0,42,0,2.512237787246704,/home/user/fractional_unlearning/llm_valence_fractional_poc_v2/runs/A1_retain_kd_only_seed42,/home/user/fractional_unlearning/llm_valence_fractional_poc_v2/runs/A1_retain_kd_only_seed42/model_adapter,82318080,405504,base_model.model.transformer.h.0.attn.c_attn.lora_A.default.weight; base_model.model.transformer.h.0.attn.c_attn.lora_B.default.weight; base_model.model.transformer.h.0.attn.c_proj.lora_A.default.weight; base_model.model.transformer.h.0.attn.c_proj.lora_B.default.weight; base_model.model.transformer.h.0.mlp.c_proj.lora_A.default.weight; base_model.model.transformer.h.0.mlp.c_proj.lora_B.default.weight; base_model.model.transformer.h.1.attn.c_attn.lora_A.default.weight; base_model.model.transformer.h.1.attn.c_attn.lora_B.default.weight; base_model.model.transformer.h.1.attn.c_proj.lora_A.default.weight; base_model.model.transformer.h.1.attn.c_proj.lora_B.default.weight; base_model.model.transformer.h.1.mlp.c_proj.lora_A.default.weight; base_model.model.transformer.h.1.mlp.c_proj.lora_B.default.weight; base_model.model.transformer.h.2.attn.c_attn.lora_A.default.weight; base_model.model.transformer.h.2.attn.c_attn.lora_B.default.weight; base_model.model.transformer.h.2.attn.c_proj.lora_A.default.weight; base_model.model.transformer.h.2.attn.c_proj.lora_B.default.weight; base_model.model.transformer.h.2.mlp.c_proj.lora_A.default.weight; base_model.model.transformer.h.2.mlp.c_proj.lora_B.default.weight; base_model.model.transformer.h.3.attn.c_attn.lora_A.default.weight; base_model.model.transformer.h.3.attn.c_attn.lora_B.default.weight; base_model.model.transformer.h.3.attn.c_proj.lora_A.default.weight; base_model.model.transformer.h.3.attn.c_proj.lora_B.default.weight; base_model.model.transformer.h.3.mlp.c_proj.lora_A.default.weight; base_model.model.transformer.h.3.mlp.c_proj.lora_B.default.weight; base_model.model.transformer.h.4.attn.c_attn.lora_A.default.weight; base_model.model.transformer.h.4.attn.c_attn.lora_B.default.weight; base_model.model.transformer.h.4.attn.c_proj.lora_A.default.weight; base_model.model.transformer.h.4.attn.c_proj.lora_B.default.weight; base_model.model.transformer.h.4.mlp.c_proj.lora_A.default.weight; base_model.model.transformer.h.4.mlp.c_proj.lora_B.default.weight,,0.01,0.06,0.5002872187357682,0.4714509821855105,1.2704831584964669,0.04,0.02,0.4772475453523489,0.4775926172733307,1.246376776808483,0.03,-0.039999999999999994,-0.02303967338341928,0.006141635087820174,-0.024106381687983847,0.06
done,A2,forget_gradient_ascent,gradient_ascent,lora_only,none,,none,0.0,42,0,3.603825092315674,/home/user/fractional_unlearning/llm_valence_fractional_poc_v2/runs/A2_forget_gradient_ascent_seed42,/home/user/fractional_unlearning/llm_valence_fractional_poc_v2/runs/A2_forget_gradient_ascent_seed42/model_adapter,82318080,405504,base_model.model.transformer.h.0.attn.c_attn.lora_A.default.weight; base_model.model.transformer.h.0.attn.c_attn.lora_B.default.weight; base_model.model.transformer.h.0.attn.c_proj.lora_A.default.weight; base_model.model.transformer.h.0.attn.c_proj.lora_B.default.weight; base_model.model.transformer.h.0.mlp.c_proj.lora_A.default.weight; base_model.model.transformer.h.0.mlp.c_proj.lora_B.default.weight; base_model.model.transformer.h.1.attn.c_attn.lora_A.default.weight; base_model.model.transformer.h.1.attn.c_attn.lora_B.default.weight; base_model.model.transformer.h.1.attn.c_proj.lora_A.default.weight; base_model.model.transformer.h.1.attn.c_proj.lora_B.default.weight; base_model.model.transformer.h.1.mlp.c_proj.lora_A.default.weight; base_model.model.transformer.h.1.mlp.c_proj.lora_B.default.weight; base_model.model.transformer.h.2.attn.c_attn.lora_A.default.weight; base_model.model.transformer.h.2.attn.c_attn.lora_B.default.weight; base_model.model.transformer.h.2.attn.c_proj.lora_A.default.weight; base_model.model.transformer.h.2.attn.c_proj.lora_B.default.weight; base_model.model.transformer.h.2.mlp.c_proj.lora_A.default.weight; base_model.model.transformer.h.2.mlp.c_proj.lora_B.default.weight; base_model.model.transformer.h.3.attn.c_attn.lora_A.default.weight; base_model.model.transformer.h.3.attn.c_attn.lora_B.default.weight; base_model.model.transformer.h.3.attn.c_proj.lora_A.default.weight; base_model.model.transformer.h.3.attn.c_proj.lora_B.default.weight; base_model.model.transformer.h.3.mlp.c_proj.lora_A.default.weight; base_model.model.transformer.h.3.mlp.c_proj.lora_B.default.weight; base_model.model.transformer.h.4.attn.c_attn.lora_A.default.weight; base_model.model.transformer.h.4.attn.c_attn.lora_B.default.weight; base_model.model.transformer.h.4.attn.c_proj.lora_A.default.weight; base_model.model.transformer.h.4.attn.c_proj.lora_B.default.weight; base_model.model.transformer.h.4.mlp.c_proj.lora_A.default.weight; base_model.model.transformer.h.4.mlp.c_proj.lora_B.default.weight,,0.01,0.06,0.5002872187357682,0.4714509821855105,1.2704831584964669,0.04,0.02,0.49241297520123994,0.5310446918010712,1.2501432569551536,0.03,-0.039999999999999994,-0.007874243534528258,0.05959370961556065,-0.020339901541313266,0.06
done,A3,forget_uniform_target,uniform_target,lora_only,none,,none,0.0,42,0,3.6289937496185303,/home/user/fractional_unlearning/llm_valence_fractional_poc_v2/runs/A3_forget_uniform_target_seed42,/home/user/fractional_unlearning/llm_valence_fractional_poc_v2/runs/A3_forget_uniform_target_seed42/model_adapter,82318080,405504,base_model.model.transformer.h.0.attn.c_attn.lora_A.default.weight; base_model.model.transformer.h.0.attn.c_attn.lora_B.default.weight; base_model.model.transformer.h.0.attn.c_proj.lora_A.default.weight; base_model.model.transformer.h.0.attn.c_proj.lora_B.default.weight; base_model.model.transformer.h.0.mlp.c_proj.lora_A.default.weight; base_model.model.transformer.h.0.mlp.c_proj.lora_B.default.weight; base_model.model.transformer.h.1.attn.c_attn.lora_A.default.weight; base_model.model.transformer.h.1.attn.c_attn.lora_B.default.weight; base_model.model.transformer.h.1.attn.c_proj.lora_A.default.weight; base_model.model.transformer.h.1.attn.c_proj.lora_B.default.weight; base_model.model.transformer.h.1.mlp.c_proj.lora_A.default.weight; base_model.model.transformer.h.1.mlp.c_proj.lora_B.default.weight; base_model.model.transformer.h.2.attn.c_attn.lora_A.default.weight; base_model.model.transformer.h.2.attn.c_attn.lora_B.default.weight; base_model.model.transformer.h.2.attn.c_proj.lora_A.default.weight; base_model.model.transformer.h.2.attn.c_proj.lora_B.default.weight; base_model.model.transformer.h.2.mlp.c_proj.lora_A.default.weight; base_model.model.transformer.h.2.mlp.c_proj.lora_B.default.weight; base_model.model.transformer.h.3.attn.c_attn.lora_A.default.weight; base_model.model.transformer.h.3.attn.c_attn.lora_B.default.weight; base_model.model.transformer.h.3.attn.c_proj.lora_A.default.weight; base_model.model.transformer.h.3.attn.c_proj.lora_B.default.weight; base_model.model.transformer.h.3.mlp.c_proj.lora_A.default.weight; base_model.model.transformer.h.3.mlp.c_proj.lora_B.default.weight; base_model.model.transformer.h.4.attn.c_attn.lora_A.default.weight; base_model.model.transformer.h.4.attn.c_attn.lora_B.default.weight; base_model.model.transformer.h.4.attn.c_proj.lora_A.default.weight; base_model.model.transformer.h.4.attn.c_proj.lora_B.default.weight; base_model.model.transformer.h.4.mlp.c_proj.lora_A.default.weight; base_model.model.transformer.h.4.mlp.c_proj.lora_B.default.weight,,0.01,0.06,0.5002872187357682,0.4714509821855105,1.2704831584964669,0.01,0.01,0.925960164803725,0.9332372408646804,1.462906694457527,0.0,-0.049999999999999996,0.4256729460679568,0.4617862586791699,0.1924235359610602,0.05307576464038939
done,A4,negative_preference_forget,negative_preference,lora_only,none,,none,0.0,42,0,4.583906173706055,/home/user/fractional_unlearning/llm_valence_fractional_poc_v2/runs/A4_negative_preference_forget_seed42,/home/user/fractional_unlearning/llm_valence_fractional_poc_v2/runs/A4_negative_preference_forget_seed42/model_adapter,82318080,405504,base_model.model.transformer.h.0.attn.c_attn.lora_A.default.weight; base_model.model.transformer.h.0.attn.c_attn.lora_B.default.weight; base_model.model.transformer.h.0.attn.c_proj.lora_A.default.weight; base_model.model.transformer.h.0.attn.c_proj.lora_B.default.weight; base_model.model.transformer.h.0.mlp.c_proj.lora_A.default.weight; base_model.model.transformer.h.0.mlp.c_proj.lora_B.default.weight; base_model.model.transformer.h.1.attn.c_attn.lora_A.default.weight; base_model.model.transformer.h.1.attn.c_attn.lora_B.default.weight; base_model.model.transformer.h.1.attn.c_proj.lora_A.default.weight; base_model.model.transformer.h.1.attn.c_proj.lora_B.default.weight; base_model.model.transformer.h.1.mlp.c_proj.lora_A.default.weight; base_model.model.transformer.h.1.mlp.c_proj.lora_B.default.weight; base_model.model.transformer.h.2.attn.c_attn.lora_A.default.weight; base_model.model.transformer.h.2.attn.c_attn.lora_B.default.weight; base_model.model.transformer.h.2.attn.c_proj.lora_A.default.weight; base_model.model.transformer.h.2.attn.c_proj.lora_B.default.weight; base_model.model.transformer.h.2.mlp.c_proj.lora_A.default.weight; base_model.model.transformer.h.2.mlp.c_proj.lora_B.default.weight; base_model.model.transformer.h.3.attn.c_attn.lora_A.default.weight; base_model.model.transformer.h.3.attn.c_attn.lora_B.default.weight; base_model.model.transformer.h.3.attn.c_proj.lora_A.default.weight; base_model.model.transformer.h.3.attn.c_proj.lora_B.default.weight; base_model.model.transformer.h.3.mlp.c_proj.lora_A.default.weight; base_model.model.transformer.h.3.mlp.c_proj.lora_B.default.weight; base_model.model.transformer.h.4.attn.c_attn.lora_A.default.weight; base_model.model.transformer.h.4.attn.c_attn.lora_B.default.weight; base_model.model.transformer.h.4.attn.c_proj.lora_A.default.weight; base_model.model.transformer.h.4.attn.c_proj.lora_B.default.weight; base_model.model.transformer.h.4.mlp.c_proj.lora_A.default.weight; base_model.model.transformer.h.4.mlp.c_proj.lora_B.default.weight,,0.01,0.06,0.5002872187357682,0.4714509821855105,1.2704831584964669,0.03,0.02,0.4871465334525475,0.49282321333885193,1.2549381081889828,0.019999999999999997,-0.039999999999999994,-0.01314068528322071,0.021372231153341414,-0.015545050307484098,0.05499999999999999
done,B1,valence_frac_lora_a050,valence_fractional,lora_only,lora,0.5,replace,1.0,42,0,3.373654365539551,/home/user/fractional_unlearning/llm_valence_fractional_poc_v2/runs/B1_valence_frac_lora_a050_seed42,/home/user/fractional_unlearning/llm_valence_fractional_poc_v2/runs/B1_valence_frac_lora_a050_seed42/model_adapter,82318080,405504,base_model.model.transformer.h.0.attn.c_attn.lora_A.default.weight; base_model.model.transformer.h.0.attn.c_attn.lora_B.default.weight; base_model.model.transformer.h.0.attn.c_proj.lora_A.default.weight; base_model.model.transformer.h.0.attn.c_proj.lora_B.default.weight; base_model.model.transformer.h.0.mlp.c_proj.lora_A.default.weight; base_model.model.transformer.h.0.mlp.c_proj.lora_B.default.weight; base_model.model.transformer.h.1.attn.c_attn.lora_A.default.weight; base_model.model.transformer.h.1.attn.c_attn.lora_B.default.weight; base_model.model.transformer.h.1.attn.c_proj.lora_A.default.weight; base_model.model.transformer.h.1.attn.c_proj.lora_B.default.weight; base_model.model.transformer.h.1.mlp.c_proj.lora_A.default.weight; base_model.model.transformer.h.1.mlp.c_proj.lora_B.default.weight; base_model.model.transformer.h.2.attn.c_attn.lora_A.default.weight; base_model.model.transformer.h.2.attn.c_attn.lora_B.default.weight; base_model.model.transformer.h.2.attn.c_proj.lora_A.default.weight; base_model.model.transformer.h.2.attn.c_proj.lora_B.default.weight; base_model.model.transformer.h.2.mlp.c_proj.lora_A.default.weight; base_model.model.transformer.h.2.mlp.c_proj.lora_B.default.weight; base_model.model.transformer.h.3.attn.c_attn.lora_A.default.weight; base_model.model.transformer.h.3.attn.c_attn.lora_B.default.weight; base_model.model.transformer.h.3.attn.c_proj.lora_A.default.weight; base_model.model.transformer.h.3.attn.c_proj.lora_B.default.weight; base_model.model.transformer.h.3.mlp.c_proj.lora_A.default.weight; base_model.model.transformer.h.3.mlp.c_proj.lora_B.default.weight; base_model.model.transformer.h.4.attn.c_attn.lora_A.default.weight; base_model.model.transformer.h.4.attn.c_attn.lora_B.default.weight; base_model.model.transformer.h.4.attn.c_proj.lora_A.default.weight; base_model.model.transformer.h.4.attn.c_proj.lora_B.default.weight; base_model.model.transformer.h.4.mlp.c_proj.lora_A.default.weight; base_model.model.transformer.h.4.mlp.c_proj.lora_B.default.weight,base_model.model.transformer.h.0.attn.c_attn.lora_A.default.weight; base_model.model.transformer.h.0.attn.c_attn.lora_B.default.weight; base_model.model.transformer.h.0.attn.c_proj.lora_A.default.weight; base_model.model.transformer.h.0.attn.c_proj.lora_B.default.weight; base_model.model.transformer.h.0.mlp.c_proj.lora_A.default.weight; base_model.model.transformer.h.0.mlp.c_proj.lora_B.default.weight; base_model.model.transformer.h.1.attn.c_attn.lora_A.default.weight; base_model.model.transformer.h.1.attn.c_attn.lora_B.default.weight; base_model.model.transformer.h.1.attn.c_proj.lora_A.default.weight; base_model.model.transformer.h.1.attn.c_proj.lora_B.default.weight; base_model.model.transformer.h.1.mlp.c_proj.lora_A.default.weight; base_model.model.transformer.h.1.mlp.c_proj.lora_B.default.weight; base_model.model.transformer.h.2.attn.c_attn.lora_A.default.weight; base_model.model.transformer.h.2.attn.c_attn.lora_B.default.weight; base_model.model.transformer.h.2.attn.c_proj.lora_A.default.weight; base_model.model.transformer.h.2.attn.c_proj.lora_B.default.weight; base_model.model.transformer.h.2.mlp.c_proj.lora_A.default.weight; base_model.model.transformer.h.2.mlp.c_proj.lora_B.default.weight; base_model.model.transformer.h.3.attn.c_attn.lora_A.default.weight; base_model.model.transformer.h.3.attn.c_attn.lora_B.default.weight; base_model.model.transformer.h.3.attn.c_proj.lora_A.default.weight; base_model.model.transformer.h.3.attn.c_proj.lora_B.default.weight; base_model.model.transformer.h.3.mlp.c_proj.lora_A.default.weight; base_model.model.transformer.h.3.mlp.c_proj.lora_B.default.weight; base_model.model.transformer.h.4.attn.c_attn.lora_A.default.weight; base_model.model.transformer.h.4.attn.c_attn.lora_B.default.weight; base_model.model.transformer.h.4.attn.c_proj.lora_A.default.weight; base_model.model.transformer.h.4.attn.c_proj.lora_B.default.weight; base_model.model.transformer.h.4.mlp.c_proj.lora_A.default.weight; base_model.model.transformer.h.4.mlp.c_proj.lora_B.default.weight,0.01,0.06,0.5002872187357682,0.4714509821855105,1.2704831584964669,0.04,0.02,0.48896198318554807,0.5292626137916858,1.2474056012371055,0.03,-0.039999999999999994,-0.011325235550220136,0.05781163160617531,-0.023077557259361337,0.06
done,B2,valence_frac_lora_a060,valence_fractional,lora_only,lora,0.6,replace,1.0,42,0,3.349214792251587,/home/user/fractional_unlearning/llm_valence_fractional_poc_v2/runs/B2_valence_frac_lora_a060_seed42,/home/user/fractional_unlearning/llm_valence_fractional_poc_v2/runs/B2_valence_frac_lora_a060_seed42/model_adapter,82318080,405504,base_model.model.transformer.h.0.attn.c_attn.lora_A.default.weight; base_model.model.transformer.h.0.attn.c_attn.lora_B.default.weight; base_model.model.transformer.h.0.attn.c_proj.lora_A.default.weight; base_model.model.transformer.h.0.attn.c_proj.lora_B.default.weight; base_model.model.transformer.h.0.mlp.c_proj.lora_A.default.weight; base_model.model.transformer.h.0.mlp.c_proj.lora_B.default.weight; base_model.model.transformer.h.1.attn.c_attn.lora_A.default.weight; base_model.model.transformer.h.1.attn.c_attn.lora_B.default.weight; base_model.model.transformer.h.1.attn.c_proj.lora_A.default.weight; base_model.model.transformer.h.1.attn.c_proj.lora_B.default.weight; base_model.model.transformer.h.1.mlp.c_proj.lora_A.default.weight; base_model.model.transformer.h.1.mlp.c_proj.lora_B.default.weight; base_model.model.transformer.h.2.attn.c_attn.lora_A.default.weight; base_model.model.transformer.h.2.attn.c_attn.lora_B.default.weight; base_model.model.transformer.h.2.attn.c_proj.lora_A.default.weight; base_model.model.transformer.h.2.attn.c_proj.lora_B.default.weight; base_model.model.transformer.h.2.mlp.c_proj.lora_A.default.weight; base_model.model.transformer.h.2.mlp.c_proj.lora_B.default.weight; base_model.model.transformer.h.3.attn.c_attn.lora_A.default.weight; base_model.model.transformer.h.3.attn.c_attn.lora_B.default.weight; base_model.model.transformer.h.3.attn.c_proj.lora_A.default.weight; base_model.model.transformer.h.3.attn.c_proj.lora_B.default.weight; base_model.model.transformer.h.3.mlp.c_proj.lora_A.default.weight; base_model.model.transformer.h.3.mlp.c_proj.lora_B.default.weight; base_model.model.transformer.h.4.attn.c_attn.lora_A.default.weight; base_model.model.transformer.h.4.attn.c_attn.lora_B.default.weight; base_model.model.transformer.h.4.attn.c_proj.lora_A.default.weight; base_model.model.transformer.h.4.attn.c_proj.lora_B.default.weight; base_model.model.transformer.h.4.mlp.c_proj.lora_A.default.weight; base_model.model.transformer.h.4.mlp.c_proj.lora_B.default.weight,base_model.model.transformer.h.0.attn.c_attn.lora_A.default.weight; base_model.model.transformer.h.0.attn.c_attn.lora_B.default.weight; base_model.model.transformer.h.0.attn.c_proj.lora_A.default.weight; base_model.model.transformer.h.0.attn.c_proj.lora_B.default.weight; base_model.model.transformer.h.0.mlp.c_proj.lora_A.default.weight; base_model.model.transformer.h.0.mlp.c_proj.lora_B.default.weight; base_model.model.transformer.h.1.attn.c_attn.lora_A.default.weight; base_model.model.transformer.h.1.attn.c_attn.lora_B.default.weight; base_model.model.transformer.h.1.attn.c_proj.lora_A.default.weight; base_model.model.transformer.h.1.attn.c_proj.lora_B.default.weight; base_model.model.transformer.h.1.mlp.c_proj.lora_A.default.weight; base_model.model.transformer.h.1.mlp.c_proj.lora_B.default.weight; base_model.model.transformer.h.2.attn.c_attn.lora_A.default.weight; base_model.model.transformer.h.2.attn.c_attn.lora_B.default.weight; base_model.model.transformer.h.2.attn.c_proj.lora_A.default.weight; base_model.model.transformer.h.2.attn.c_proj.lora_B.default.weight; base_model.model.transformer.h.2.mlp.c_proj.lora_A.default.weight; base_model.model.transformer.h.2.mlp.c_proj.lora_B.default.weight; base_model.model.transformer.h.3.attn.c_attn.lora_A.default.weight; base_model.model.transformer.h.3.attn.c_attn.lora_B.default.weight; base_model.model.transformer.h.3.attn.c_proj.lora_A.default.weight; base_model.model.transformer.h.3.attn.c_proj.lora_B.default.weight; base_model.model.transformer.h.3.mlp.c_proj.lora_A.default.weight; base_model.model.transformer.h.3.mlp.c_proj.lora_B.default.weight; base_model.model.transformer.h.4.attn.c_attn.lora_A.default.weight; base_model.model.transformer.h.4.attn.c_attn.lora_B.default.weight; base_model.model.transformer.h.4.attn.c_proj.lora_A.default.weight; base_model.model.transformer.h.4.attn.c_proj.lora_B.default.weight; base_model.model.transformer.h.4.mlp.c_proj.lora_A.default.weight; base_model.model.transformer.h.4.mlp.c_proj.lora_B.default.weight,0.01,0.06,0.5002872187357682,0.4714509821855105,1.2704831584964669,0.04,0.02,0.4891139268875122,0.5292622355314401,1.2473795571528257,0.03,-0.039999999999999994,-0.011173291848255995,0.057811253345929625,-0.0231036013436412,0.06
done,B3,valence_frac_lora_a070,valence_fractional,lora_only,lora,0.7,replace,1.0,42,0,3.488629102706909,/home/user/fractional_unlearning/llm_valence_fractional_poc_v2/runs/B3_valence_frac_lora_a070_seed42,/home/user/fractional_unlearning/llm_valence_fractional_poc_v2/runs/B3_valence_frac_lora_a070_seed42/model_adapter,82318080,405504,base_model.model.transformer.h.0.attn.c_attn.lora_A.default.weight; base_model.model.transformer.h.0.attn.c_attn.lora_B.default.weight; base_model.model.transformer.h.0.attn.c_proj.lora_A.default.weight; base_model.model.transformer.h.0.attn.c_proj.lora_B.default.weight; base_model.model.transformer.h.0.mlp.c_proj.lora_A.default.weight; base_model.model.transformer.h.0.mlp.c_proj.lora_B.default.weight; base_model.model.transformer.h.1.attn.c_attn.lora_A.default.weight; base_model.model.transformer.h.1.attn.c_attn.lora_B.default.weight; base_model.model.transformer.h.1.attn.c_proj.lora_A.default.weight; base_model.model.transformer.h.1.attn.c_proj.lora_B.default.weight; base_model.model.transformer.h.1.mlp.c_proj.lora_A.default.weight; base_model.model.transformer.h.1.mlp.c_proj.lora_B.default.weight; base_model.model.transformer.h.2.attn.c_attn.lora_A.default.weight; base_model.model.transformer.h.2.attn.c_attn.lora_B.default.weight; base_model.model.transformer.h.2.attn.c_proj.lora_A.default.weight; base_model.model.transformer.h.2.attn.c_proj.lora_B.default.weight; base_model.model.transformer.h.2.mlp.c_proj.lora_A.default.weight; base_model.model.transformer.h.2.mlp.c_proj.lora_B.default.weight; base_model.model.transformer.h.3.attn.c_attn.lora_A.default.weight; base_model.model.transformer.h.3.attn.c_attn.lora_B.default.weight; base_model.model.transformer.h.3.attn.c_proj.lora_A.default.weight; base_model.model.transformer.h.3.attn.c_proj.lora_B.default.weight; base_model.model.transformer.h.3.mlp.c_proj.lora_A.default.weight; base_model.model.transformer.h.3.mlp.c_proj.lora_B.default.weight; base_model.model.transformer.h.4.attn.c_attn.lora_A.default.weight; base_model.model.transformer.h.4.attn.c_attn.lora_B.default.weight; base_model.model.transformer.h.4.attn.c_proj.lora_A.default.weight; base_model.model.transformer.h.4.attn.c_proj.lora_B.default.weight; base_model.model.transformer.h.4.mlp.c_proj.lora_A.default.weight; base_model.model.transformer.h.4.mlp.c_proj.lora_B.default.weight,base_model.model.transformer.h.0.attn.c_attn.lora_A.default.weight; base_model.model.transformer.h.0.attn.c_attn.lora_B.default.weight; base_model.model.transformer.h.0.attn.c_proj.lora_A.default.weight; base_model.model.transformer.h.0.attn.c_proj.lora_B.default.weight; base_model.model.transformer.h.0.mlp.c_proj.lora_A.default.weight; base_model.model.transformer.h.0.mlp.c_proj.lora_B.default.weight; base_model.model.transformer.h.1.attn.c_attn.lora_A.default.weight; base_model.model.transformer.h.1.attn.c_attn.lora_B.default.weight; base_model.model.transformer.h.1.attn.c_proj.lora_A.default.weight; base_model.model.transformer.h.1.attn.c_proj.lora_B.default.weight; base_model.model.transformer.h.1.mlp.c_proj.lora_A.default.weight; base_model.model.transformer.h.1.mlp.c_proj.lora_B.default.weight; base_model.model.transformer.h.2.attn.c_attn.lora_A.default.weight; base_model.model.transformer.h.2.attn.c_attn.lora_B.default.weight; base_model.model.transformer.h.2.attn.c_proj.lora_A.default.weight; base_model.model.transformer.h.2.attn.c_proj.lora_B.default.weight; base_model.model.transformer.h.2.mlp.c_proj.lora_A.default.weight; base_model.model.transformer.h.2.mlp.c_proj.lora_B.default.weight; base_model.model.transformer.h.3.attn.c_attn.lora_A.default.weight; base_model.model.transformer.h.3.attn.c_attn.lora_B.default.weight; base_model.model.transformer.h.3.attn.c_proj.lora_A.default.weight; base_model.model.transformer.h.3.attn.c_proj.lora_B.default.weight; base_model.model.transformer.h.3.mlp.c_proj.lora_A.default.weight; base_model.model.transformer.h.3.mlp.c_proj.lora_B.default.weight; base_model.model.transformer.h.4.attn.c_attn.lora_A.default.weight; base_model.model.transformer.h.4.attn.c_attn.lora_B.default.weight; base_model.model.transformer.h.4.attn.c_proj.lora_A.default.weight; base_model.model.transformer.h.4.attn.c_proj.lora_B.default.weight; base_model.model.transformer.h.4.mlp.c_proj.lora_A.default.weight; base_model.model.transformer.h.4.mlp.c_proj.lora_B.default.weight,0.01,0.06,0.5002872187357682,0.4714509821855105,1.2704831584964669,0.04,0.02,0.4889425268540016,0.528506155197437,1.2473408501997687,0.03,-0.039999999999999994,-0.011344691881766622,0.05705517301192653,-0.023142308296698166,0.06
done,B4,valence_frac_lora_mix_a050_lam010,valence_fractional,lora_only,lora,0.5,mix,0.01,42,0,3.5812034606933594,/home/user/fractional_unlearning/llm_valence_fractional_poc_v2/runs/B4_valence_frac_lora_mix_a050_lam010_seed42,/home/user/fractional_unlearning/llm_valence_fractional_poc_v2/runs/B4_valence_frac_lora_mix_a050_lam010_seed42/model_adapter,82318080,405504,base_model.model.transformer.h.0.attn.c_attn.lora_A.default.weight; base_model.model.transformer.h.0.attn.c_attn.lora_B.default.weight; base_model.model.transformer.h.0.attn.c_proj.lora_A.default.weight; base_model.model.transformer.h.0.attn.c_proj.lora_B.default.weight; base_model.model.transformer.h.0.mlp.c_proj.lora_A.default.weight; base_model.model.transformer.h.0.mlp.c_proj.lora_B.default.weight; base_model.model.transformer.h.1.attn.c_attn.lora_A.default.weight; base_model.model.transformer.h.1.attn.c_attn.lora_B.default.weight; base_model.model.transformer.h.1.attn.c_proj.lora_A.default.weight; base_model.model.transformer.h.1.attn.c_proj.lora_B.default.weight; base_model.model.transformer.h.1.mlp.c_proj.lora_A.default.weight; base_model.model.transformer.h.1.mlp.c_proj.lora_B.default.weight; base_model.model.transformer.h.2.attn.c_attn.lora_A.default.weight; base_model.model.transformer.h.2.attn.c_attn.lora_B.default.weight; base_model.model.transformer.h.2.attn.c_proj.lora_A.default.weight; base_model.model.transformer.h.2.attn.c_proj.lora_B.default.weight; base_model.model.transformer.h.2.mlp.c_proj.lora_A.default.weight; base_model.model.transformer.h.2.mlp.c_proj.lora_B.default.weight; base_model.model.transformer.h.3.attn.c_attn.lora_A.default.weight; base_model.model.transformer.h.3.attn.c_attn.lora_B.default.weight; base_model.model.transformer.h.3.attn.c_proj.lora_A.default.weight; base_model.model.transformer.h.3.attn.c_proj.lora_B.default.weight; base_model.model.transformer.h.3.mlp.c_proj.lora_A.default.weight; base_model.model.transformer.h.3.mlp.c_proj.lora_B.default.weight; base_model.model.transformer.h.4.attn.c_attn.lora_A.default.weight; base_model.model.transformer.h.4.attn.c_attn.lora_B.default.weight; base_model.model.transformer.h.4.attn.c_proj.lora_A.default.weight; base_model.model.transformer.h.4.attn.c_proj.lora_B.default.weight; base_model.model.transformer.h.4.mlp.c_proj.lora_A.default.weight; base_model.model.transformer.h.4.mlp.c_proj.lora_B.default.weight,base_model.model.transformer.h.0.attn.c_attn.lora_A.default.weight; base_model.model.transformer.h.0.attn.c_attn.lora_B.default.weight; base_model.model.transformer.h.0.attn.c_proj.lora_A.default.weight; base_model.model.transformer.h.0.attn.c_proj.lora_B.default.weight; base_model.model.transformer.h.0.mlp.c_proj.lora_A.default.weight; base_model.model.transformer.h.0.mlp.c_proj.lora_B.default.weight; base_model.model.transformer.h.1.attn.c_attn.lora_A.default.weight; base_model.model.transformer.h.1.attn.c_attn.lora_B.default.weight; base_model.model.transformer.h.1.attn.c_proj.lora_A.default.weight; base_model.model.transformer.h.1.attn.c_proj.lora_B.default.weight; base_model.model.transformer.h.1.mlp.c_proj.lora_A.default.weight; base_model.model.transformer.h.1.mlp.c_proj.lora_B.default.weight; base_model.model.transformer.h.2.attn.c_attn.lora_A.default.weight; base_model.model.transformer.h.2.attn.c_attn.lora_B.default.weight; base_model.model.transformer.h.2.attn.c_proj.lora_A.default.weight; base_model.model.transformer.h.2.attn.c_proj.lora_B.default.weight; base_model.model.transformer.h.2.mlp.c_proj.lora_A.default.weight; base_model.model.transformer.h.2.mlp.c_proj.lora_B.default.weight; base_model.model.transformer.h.3.attn.c_attn.lora_A.default.weight; base_model.model.transformer.h.3.attn.c_attn.lora_B.default.weight; base_model.model.transformer.h.3.attn.c_proj.lora_A.default.weight; base_model.model.transformer.h.3.attn.c_proj.lora_B.default.weight; base_model.model.transformer.h.3.mlp.c_proj.lora_A.default.weight; base_model.model.transformer.h.3.mlp.c_proj.lora_B.default.weight; base_model.model.transformer.h.4.attn.c_attn.lora_A.default.weight; base_model.model.transformer.h.4.attn.c_attn.lora_B.default.weight; base_model.model.transformer.h.4.attn.c_proj.lora_A.default.weight; base_model.model.transformer.h.4.attn.c_proj.lora_B.default.weight; base_model.model.transformer.h.4.mlp.c_proj.lora_A.default.weight; base_model.model.transformer.h.4.mlp.c_proj.lora_B.default.weight,0.01,0.06,0.5002872187357682,0.4714509821855105,1.2704831584964669,0.04,0.02,0.49622710393025327,0.540229334281041,1.2491980360343997,0.03,-0.039999999999999994,-0.004060114805514936,0.06877835209553051,-0.021285122462067152,0.06
done,C1,valence_frac_embeddings_a050,valence_fractional,embeddings_only,embeddings,0.5,replace,1.0,42,0,1.2687926292419434,/home/user/fractional_unlearning/llm_valence_fractional_poc_v2/runs/C1_valence_frac_embeddings_a050_seed42,/home/user/fractional_unlearning/llm_valence_fractional_poc_v2/runs/C1_valence_frac_embeddings_a050_seed42/model_adapter,82318080,38597376,base_model.model.transformer.wte.weight,base_model.model.transformer.wte.weight,0.01,0.06,0.5002872187357682,0.4714509821855105,1.2704831584964669,0.0,0.0,,,,-0.01,-0.06,,,,
done,C3,valence_frac_lora_only_a050,valence_fractional,lora_only,lora,0.5,replace,1.0,42,0,3.503314733505249,/home/user/fractional_unlearning/llm_valence_fractional_poc_v2/runs/C3_valence_frac_lora_only_a050_seed42,/home/user/fractional_unlearning/llm_valence_fractional_poc_v2/runs/C3_valence_frac_lora_only_a050_seed42/model_adapter,82318080,405504,base_model.model.transformer.h.0.attn.c_attn.lora_A.default.weight; base_model.model.transformer.h.0.attn.c_attn.lora_B.default.weight; base_model.model.transformer.h.0.attn.c_proj.lora_A.default.weight; base_model.model.transformer.h.0.attn.c_proj.lora_B.default.weight; base_model.model.transformer.h.0.mlp.c_proj.lora_A.default.weight; base_model.model.transformer.h.0.mlp.c_proj.lora_B.default.weight; base_model.model.transformer.h.1.attn.c_attn.lora_A.default.weight; base_model.model.transformer.h.1.attn.c_attn.lora_B.default.weight; base_model.model.transformer.h.1.attn.c_proj.lora_A.default.weight; base_model.model.transformer.h.1.attn.c_proj.lora_B.default.weight; base_model.model.transformer.h.1.mlp.c_proj.lora_A.default.weight; base_model.model.transformer.h.1.mlp.c_proj.lora_B.default.weight; base_model.model.transformer.h.2.attn.c_attn.lora_A.default.weight; base_model.model.transformer.h.2.attn.c_attn.lora_B.default.weight; base_model.model.transformer.h.2.attn.c_proj.lora_A.default.weight; base_model.model.transformer.h.2.attn.c_proj.lora_B.default.weight; base_model.model.transformer.h.2.mlp.c_proj.lora_A.default.weight; base_model.model.transformer.h.2.mlp.c_proj.lora_B.default.weight; base_model.model.transformer.h.3.attn.c_attn.lora_A.default.weight; base_model.model.transformer.h.3.attn.c_attn.lora_B.default.weight; base_model.model.transformer.h.3.attn.c_proj.lora_A.default.weight; base_model.model.transformer.h.3.attn.c_proj.lora_B.default.weight; base_model.model.transformer.h.3.mlp.c_proj.lora_A.default.weight; base_model.model.transformer.h.3.mlp.c_proj.lora_B.default.weight; base_model.model.transformer.h.4.attn.c_attn.lora_A.default.weight; base_model.model.transformer.h.4.attn.c_attn.lora_B.default.weight; base_model.model.transformer.h.4.attn.c_proj.lora_A.default.weight; base_model.model.transformer.h.4.attn.c_proj.lora_B.default.weight; base_model.model.transformer.h.4.mlp.c_proj.lora_A.default.weight; base_model.model.transformer.h.4.mlp.c_proj.lora_B.default.weight,base_model.model.transformer.h.0.attn.c_attn.lora_A.default.weight; base_model.model.transformer.h.0.attn.c_attn.lora_B.default.weight; base_model.model.transformer.h.0.attn.c_proj.lora_A.default.weight; base_model.model.transformer.h.0.attn.c_proj.lora_B.default.weight; base_model.model.transformer.h.0.mlp.c_proj.lora_A.default.weight; base_model.model.transformer.h.0.mlp.c_proj.lora_B.default.weight; base_model.model.transformer.h.1.attn.c_attn.lora_A.default.weight; base_model.model.transformer.h.1.attn.c_attn.lora_B.default.weight; base_model.model.transformer.h.1.attn.c_proj.lora_A.default.weight; base_model.model.transformer.h.1.attn.c_proj.lora_B.default.weight; base_model.model.transformer.h.1.mlp.c_proj.lora_A.default.weight; base_model.model.transformer.h.1.mlp.c_proj.lora_B.default.weight; base_model.model.transformer.h.2.attn.c_attn.lora_A.default.weight; base_model.model.transformer.h.2.attn.c_attn.lora_B.default.weight; base_model.model.transformer.h.2.attn.c_proj.lora_A.default.weight; base_model.model.transformer.h.2.attn.c_proj.lora_B.default.weight; base_model.model.transformer.h.2.mlp.c_proj.lora_A.default.weight; base_model.model.transformer.h.2.mlp.c_proj.lora_B.default.weight; base_model.model.transformer.h.3.attn.c_attn.lora_A.default.weight; base_model.model.transformer.h.3.attn.c_attn.lora_B.default.weight; base_model.model.transformer.h.3.attn.c_proj.lora_A.default.weight; base_model.model.transformer.h.3.attn.c_proj.lora_B.default.weight; base_model.model.transformer.h.3.mlp.c_proj.lora_A.default.weight; base_model.model.transformer.h.3.mlp.c_proj.lora_B.default.weight; base_model.model.transformer.h.4.attn.c_attn.lora_A.default.weight; base_model.model.transformer.h.4.attn.c_attn.lora_B.default.weight; base_model.model.transformer.h.4.attn.c_proj.lora_A.default.weight; base_model.model.transformer.h.4.attn.c_proj.lora_B.default.weight; base_model.model.transformer.h.4.mlp.c_proj.lora_A.default.weight; base_model.model.transformer.h.4.mlp.c_proj.lora_B.default.weight,0.01,0.06,0.5002872187357682,0.4714509821855105,1.2704831584964669,0.04,0.02,0.48896198318554807,0.5292626137916858,1.2474056012371055,0.03,-0.039999999999999994,-0.011325235550220136,0.05781163160617531,-0.023077557259361337,0.06
done,C4,valence_frac_all_a050,valence_fractional,all,all,0.5,replace,1.0,42,0,1.232682228088379,/home/user/fractional_unlearning/llm_valence_fractional_poc_v2/runs/C4_valence_frac_all_a050_seed42,/home/user/fractional_unlearning/llm_valence_fractional_poc_v2/runs/C4_valence_frac_all_a050_seed42/model_adapter,82318080,82318080,base_model.model.transformer.wte.weight; base_model.model.transformer.wpe.weight; base_model.model.transformer.h.0.ln_1.weight; base_model.model.transformer.h.0.ln_1.bias; base_model.model.transformer.h.0.attn.c_attn.base_layer.weight; base_model.model.transformer.h.0.attn.c_attn.base_layer.bias; base_model.model.transformer.h.0.attn.c_attn.lora_A.default.weight; base_model.model.transformer.h.0.attn.c_attn.lora_B.default.weight; base_model.model.transformer.h.0.attn.c_proj.base_layer.weight; base_model.model.transformer.h.0.attn.c_proj.base_layer.bias; base_model.model.transformer.h.0.attn.c_proj.lora_A.default.weight; base_model.model.transformer.h.0.attn.c_proj.lora_B.default.weight; base_model.model.transformer.h.0.ln_2.weight; base_model.model.transformer.h.0.ln_2.bias; base_model.model.transformer.h.0.mlp.c_fc.weight; base_model.model.transformer.h.0.mlp.c_fc.bias; base_model.model.transformer.h.0.mlp.c_proj.base_layer.weight; base_model.model.transformer.h.0.mlp.c_proj.base_layer.bias; base_model.model.transformer.h.0.mlp.c_proj.lora_A.default.weight; base_model.model.transformer.h.0.mlp.c_proj.lora_B.default.weight; base_model.model.transformer.h.1.ln_1.weight; base_model.model.transformer.h.1.ln_1.bias; base_model.model.transformer.h.1.attn.c_attn.base_layer.weight; base_model.model.transformer.h.1.attn.c_attn.base_layer.bias; base_model.model.transformer.h.1.attn.c_attn.lora_A.default.weight; base_model.model.transformer.h.1.attn.c_attn.lora_B.default.weight; base_model.model.transformer.h.1.attn.c_proj.base_layer.weight; base_model.model.transformer.h.1.attn.c_proj.base_layer.bias; base_model.model.transformer.h.1.attn.c_proj.lora_A.default.weight; base_model.model.transformer.h.1.attn.c_proj.lora_B.default.weight,base_model.model.transformer.wte.weight; base_model.model.transformer.wpe.weight; base_model.model.transformer.h.0.ln_1.weight; base_model.model.transformer.h.0.ln_1.bias; base_model.model.transformer.h.0.attn.c_attn.base_layer.weight; base_model.model.transformer.h.0.attn.c_attn.base_layer.bias; base_model.model.transformer.h.0.attn.c_attn.lora_A.default.weight; base_model.model.transformer.h.0.attn.c_attn.lora_B.default.weight; base_model.model.transformer.h.0.attn.c_proj.base_layer.weight; base_model.model.transformer.h.0.attn.c_proj.base_layer.bias; base_model.model.transformer.h.0.attn.c_proj.lora_A.default.weight; base_model.model.transformer.h.0.attn.c_proj.lora_B.default.weight; base_model.model.transformer.h.0.ln_2.weight; base_model.model.transformer.h.0.ln_2.bias; base_model.model.transformer.h.0.mlp.c_fc.weight; base_model.model.transformer.h.0.mlp.c_fc.bias; base_model.model.transformer.h.0.mlp.c_proj.base_layer.weight; base_model.model.transformer.h.0.mlp.c_proj.base_layer.bias; base_model.model.transformer.h.0.mlp.c_proj.lora_A.default.weight; base_model.model.transformer.h.0.mlp.c_proj.lora_B.default.weight; base_model.model.transformer.h.1.ln_1.weight; base_model.model.transformer.h.1.ln_1.bias; base_model.model.transformer.h.1.attn.c_attn.base_layer.weight; base_model.model.transformer.h.1.attn.c_attn.base_layer.bias; base_model.model.transformer.h.1.attn.c_attn.lora_A.default.weight; base_model.model.transformer.h.1.attn.c_attn.lora_B.default.weight; base_model.model.transformer.h.1.attn.c_proj.base_layer.weight; base_model.model.transformer.h.1.attn.c_proj.base_layer.bias; base_model.model.transformer.h.1.attn.c_proj.lora_A.default.weight; base_model.model.transformer.h.1.attn.c_proj.lora_B.default.weight,0.01,0.06,0.5002872187357682,0.4714509821855105,1.2704831584964669,0.0,0.0,,,,-0.01,-0.06,,,,
